id,reference,source,apercu_200_caracteres,statut
4020,Article 2,Bulletin Officiel n°7465 bis — Loi de Finances n°50-25 (2026),"Article 2
I. – Conformément aux dispositions de l’article 70 de
PREMIERE PARTIE la Constitution, autorisation est donnée au gouvernement,
DONNEES GENERALES pendant l’année budgétaire 2026, à l’effet de :
DE L’EQUILIBRE F",a_verifier
4021,Article 3,Bulletin Officiel n°7465 bis — Loi de Finances n°50-25 (2026),"Article 3
confectionneraient les rôles et fixeraient les tarifs et contre
ceux qui en feraient le recouvrement, d’être poursuivis comme I. – A compter du 1er janvier 2026, les dispositions des
concussionnaires, sans préj",a_verifier
4022,Article 4,Bulletin Officiel n°7465 bis — Loi de Finances n°50-25 (2026),"Article 4
chapitre IV du titre premier et la section III du chapitre premier
A compter du 1er janvier 2026, le tarif des droits
du titre IV du code des douanes et impôts indirects précité,
d’importation fixé par l’articl",a_verifier
4023,Article 5,Bulletin Officiel n°7465 bis — Loi de Finances n°50-25 (2026),"Article 5
par le paragraphe I de l’article 5 de la loi de finances n° 60-24
I.– A compter du 1er janvier 2026, les dispositions de
pour l’année budgétaire 2025, seront applicables à compter
l’article 42 bis du dahir port",a_verifier
4024,Article 5 bis,Bulletin Officiel n°7465 bis — Loi de Finances n°50-25 (2026),"Article 5 bis
marchandises et ouvrages, tel qu’il a été modifié et complété,
Par dérogation aux dispositions du tarif des droits
sont complétées comme suit :
d’importation fixé par l’article 4-I de la loi de finances
« A",a_verifier
4025,Article 6,Bulletin Officiel n°7465 bis — Loi de Finances n°50-25 (2026),"Article 6
II. – Date d’effet :
1- Seront mis à la consommation à compter du 1er janvier A compter du 1er janvier 2026, les dispositions du premier
2028 :
alinéa de l’article 10 de la loi de finances pour l’année 1986
– l",a_verifier
4026,Article 7,Bulletin Officiel n°7465 bis — Loi de Finances n°50-25 (2026),"Article 7
« B. – .....................................................................................
I. – A compter du 1er janvier 2026, les dispositions des articles
« .................................................",a_verifier
4027,Article 8,Bulletin Officiel n°7465 bis — Loi de Finances n°50-25 (2026),"Article 8
applicables aux revenus acquis à compter du 1er janvier 2026.
A compter du 1er janvier 2026, les dispositions de l’article 8
11. Les dispositions des articles 84-I, 163-II, 173-I, 174-II,
de la loi de finances ",a_verifier
4028,Article 9,Bulletin Officiel n°7465 bis — Loi de Finances n°50-25 (2026),"Article 9
– « Service de logistique et de matériel de Meknès »
En application des dispositions de l’article 188 de la
rattaché au ministère de l’équipement et de l’eau ;
loi organique n° 111-14 relative aux régions, prom",a_verifier
4029,Article 11,Bulletin Officiel n°7465 bis — Loi de Finances n°50-25 (2026),"Article 11
– « Centre hospitalier provincial Tétouan » rattaché au
S ous réserve des dispositions de la présente loi de ministère de la santé et de la protection sociale ;
finances, les affectations résultant des budgets",a_verifier
4030,Article 14 bis,Bulletin Officiel n°7465 bis — Loi de Finances n°50-25 (2026),"Article 14 bis
paragraphe II de l'article 33 bis de la loi de finances pour
I.- En vue de permettre la comptabilisation des l'année 1986 n° 33-85, promulguée par le dahir n° 1-85-353 du
18 rabii II 1406 (31 décembre 1985",a_verifier
4031,Article 18,Bulletin Officiel n°7465 bis — Loi de Finances n°50-25 (2026),"Article 18
« – les versements au profit des établissements et
Conformément aux dispositions de l'article 60 de
« entreprises publics ou organismes privés, dans un
la loi organique n° 130-13 relative à la loi de finances,",a_verifier
4032,Article 19,Bulletin Officiel n°7465 bis — Loi de Finances n°50-25 (2026),"Article 19
« – dépenses diverses. »
Conformément aux dispositions de l'article 70 de la
II. – Les dépenses afférentes aux opérations constituant Constitution, est ratifié le décret ci-après, pris en vertu des
disposition",a_verifier
4033,Article 21,Bulletin Officiel n°7465 bis — Loi de Finances n°50-25 (2026),"Article 21
gouvernement, chargé de la transition 65
numérique et de la réforme de l'administration
I.– Sont annulés les crédits de paiement ouverts par
Juridictions financières 60
la loi de finances pour l’année budgétai",a_verifier
4034,Article 25,Bulletin Officiel n°7465 bis — Loi de Finances n°50-25 (2026),"Article 25
au titre des dépenses d’investissement du budget général et les
reliquats d'engagement, visés et non ordonnancés, au profit Le montant des dépenses que l’ordonnateur est autorisé
à engager, pendant l'année bud",a_verifier
4035,Article 25 bis,Bulletin Officiel n°7465 bis — Loi de Finances n°50-25 (2026),"Article 25 bis
Les modalités d’application du présent article sont fixées
par voie réglementaire. Le montant des dépenses que l’autorité gouvernementale
chargée de l’intérieur est autorisée à engager, pendant l'année
II.",a_verifier
4036,Article 23,Bulletin Officiel n°7465 bis — Loi de Finances n°50-25 (2026),"Article 23
Engagement par anticipation sur le compte d'affectation
Conformément aux dispositions de l'article 26 de
spéciale intitulé « Fonds spécial pour la mise en place des
la loi organique n° 130-13 relative à la loi",a_verifier
4037,Article 27,Bulletin Officiel n°7465 bis — Loi de Finances n°50-25 (2026),"Article 27
impérieuse et imprévue, à créer, par décrets, des comptes
spéciaux du Trésor pendant l’année budgétaire 2026. Le montant des dépenses que l’autorité gouvernementale
chargée de l'intérieur est autorisée à engag",a_verifier
4038,Article 28,Bulletin Officiel n°7465 bis — Loi de Finances n°50-25 (2026),"Article 28
Le montant des dépenses que le Chef du gouvernement
Le montant des dépenses que l’autorité gouvernementale
est autorisé à engager, pendant l'année budgétaire 2026, au
chargée de l'intérieur est autorisée à eng",a_verifier
4039,Article 30,Bulletin Officiel n°7465 bis — Loi de Finances n°50-25 (2026),"Article 30
Engagement par anticipation sur le compte de dépenses sur
Le montant des dépenses que l’autorité gouvernementale
dotations intitulé « Acquisition et réparation des matériels
chargée de l'équipement est autoris",a_verifier
4040,Article 35,Bulletin Officiel n°7465 bis — Loi de Finances n°50-25 (2026),"Article 35
2027, est fixé à trois milliards de dirhams (3.000.000.000 DH).
Engagement par anticipation sur le compte d'affectation Le montant des dépenses que le ministre délégué auprès
spéciale intitulé « Fonds national",a_verifier
4041,Article 31,Bulletin Officiel n°7465 bis — Loi de Finances n°50-25 (2026),"Article 31
budgétaire 2026, au titre du compte de dépenses sur dotations
Le montant des dépenses que l’autorité gouvernementale intitulé « Acquisition et réparation des matériels des Forces
chargée des sports est autoris",a_verifier
4042,Article 32,Bulletin Officiel n°7465 bis — Loi de Finances n°50-25 (2026),"Article 32
Par dérogation aux dispositions de l’article 28,
Le montant des dépenses que l’autorité gouvernementale
6ème alinéa de la loi organique n° 130-13 relative à la loi de
chargée de la culture est autorisée à enga",a_verifier
4043,Article 33,Bulletin Officiel n°7465 bis — Loi de Finances n°50-25 (2026),"Article 33
des ressources et des charges de l'Etat
Le montant des dépenses que l’autorité gouvernementale",a_verifier
4044,Article 37,Bulletin Officiel n°7465 bis — Loi de Finances n°50-25 (2026),"Article 37
chargée de la transition numérique et de la réforme de
l’administration est autorisée à engager, pendant l'année Pour l'année budgétaire 2026, les ressources affectées
budgétaire 2026, au titre du compte d'aff",a_verifier
4045,Article 38,Bulletin Officiel n°7465 bis — Loi de Finances n°50-25 (2026),"Article 38
- Charges Communes……………………………… 45.453.000.000
- Dépenses relatives aux remboursements, dégrèvements Le Gouvernement est autorisé à procéder aux émissions
et restitutions, fiscaux ……............................",a_verifier
4046,Article 39,Bulletin Officiel n°7465 bis — Loi de Finances n°50-25 (2026),"Article 39
DÉPENSES D'INVESTISSEMENT DU BUDGET
GÉNÉRAL (4) ………………………………………………… 136.106.794.000
Pour couvrir, pendant l’année budgétaire 2026,
SOLDE DU BUDGET GÉNÉRAL (HORS PRODUITS
DES EMPRUNTS ET HORS AMORTISSEMENT DE l",a_verifier
4047,Article 40,Bulletin Officiel n°7465 bis — Loi de Finances n°50-25 (2026),"Article 40
‑ Dépenses des budgets des services de l'Etat gérés de
manière autonome : 1.995.464.000
Le Gouvernement est autorisé à émettre des emprunts
- Dépenses d'exploitation ………………………… 1.738.331.000
intérieurs et à re",a_verifier
4048,Article 45,Bulletin Officiel n°7465 bis — Loi de Finances n°50-25 (2026),"Article 45
Le taux de mise en réserve desdits crédits est fixé à 15%.
Le montant des crédits ouverts pour l'année budgétaire
DEUXIEME PARTIE 2026, au titre des dépenses d’exploitation des services de l’Etat
gérés de mani",a_verifier
4049,Article 42,Bulletin Officiel n°7465 bis — Loi de Finances n°50-25 (2026),"Article 42
Le montant des crédits de paiement et des crédits
Le montant des crédits ouverts pour l'année budgétaire
d'engagement ouverts au titre des dépenses d’investissement
2026, au titre des dépenses de fonctionnemen",a_verifier
4050,Article premier,Code Général des Impôts 2026,"Article premier.- Définition
L'impôt sur les sociétés s’applique sur l'ensemble des produits, bénéfices
et revenus prévus aux articles 4 et 8 ci-dessous, des sociétés et autres
personnes morales visées à l’article 2 ci-a",a_verifier
4051,Article 2,Code Général des Impôts 2026,"Article 2.- Personnes imposables
I.- Sont obligatoirement passibles de l’impôt sur les sociétés :
1°- les sociétés quels que soient leur forme et leur objet à l’exclusion de
celles visées à l’article 3 ci-après ;
2°- les",a_verifier
4052,Article 3,Code Général des Impôts 2026,"Article 3.- Personnes exclues du champ d’application
Sont exclus du champ d’application de l’impôt sur les sociétés :
1°- les sociétés en participation comprenant moins de six (6) associés10,
les sociétés en nom collecti",a_verifier
4053,Article 4,Code Général des Impôts 2026,"Article 4.- Produits soumis à l’impôt retenu à la source
Sont soumis à la retenue à la source au titre de l’impôt sur les sociétés ou
de l’impôt sur le revenu, telle que prévue aux articles 157-I12, 158, 159 et
160 ci-de",a_verifier
4054,Article 5,Code Général des Impôts 2026,"Article 5.- Territorialité
I.- Les sociétés, qu'elles aient ou non un siège au Maroc, sont
imposables à raison de l'ensemble des produits, bénéfices et revenus :
 se rapportant aux biens qu'elles possèdent, à l’activité",a_verifier
4055,Article 6,Code Général des Impôts 2026,"Article 6.- Exonérations
I.- EXONERATIONS PERMANENTES19
A- Exonérations permanentes
Sont totalement exonérés de l'impôt sur les sociétés :
1°- les associations et les organismes légalement assimilés à but non
lucratif, p",a_verifier
4056,Article 7,Code Général des Impôts 2026,"Article 7.- Conditions d’exonération
I.- L’exonération prévue à l’article 6 (I-A- 1° et 9°) ci-dessus s’applique
en faveur 87:
86 Article 8 de la loi de finances n° 68-17 pour l’année budgétaire 2018
87 Article 8 de la l",a_verifier
4057,Article 8,Code Général des Impôts 2026,"Article 8.- Résultat fiscal
I.- Le résultat fiscal de chaque exercice comptable est déterminé
d'après l'excédent des produits sur les charges de l’exercice, engagées ou
supportées pour les besoins de l’activité imposable",a_verifier
4058,Article 9,Code Général des Impôts 2026,"Article 9.- Produits imposables
I.- Les produits imposables visés à l'article 8-I ci-dessus
s'entendent :
A- des produits d’exploitation constitués par :
1°- le chiffre d'affaires comprenant les recettes et les créances
",a_verifier
4059,Article 9 bis,Code Général des Impôts 2026,"Article 9 bis – Produits non imposables110
I.-111 Ne sont pas considérés comme produits imposables, les produits
de cession résultant des opérations suivantes :
106 Article 7 de la loi de finances n° 50-25 pour l’année b",a_verifier
4060,Article 10,Code Général des Impôts 2026,"Article 10.- Charges déductibles
Les charges déductibles au sens de l'article 8 ci-dessus comprennent :
I.- Les charges d’exploitation constituées par :
A- les achats de marchandises revendus en l’état et les achats
cons",a_verifier
4061,Article 11,Code Général des Impôts 2026,"Article 11.- Charges non déductibles
I.- Ne sont pas déductibles du résultat fiscal les amendes, pénalités et
majorations de toute nature mises à la charge des entreprises pour
infractions aux dispositions législatives o",a_verifier
4062,Article 12,Code Général des Impôts 2026,"Article 12.- Déficit reportable
Le déficit d'un exercice comptable peut être déduit du bénéfice de
l'exercice comptable suivant. A défaut de bénéfice ou en cas de bénéfice
insuffisant pour que la déduction puisse être op",a_verifier
4063,Article 13,Code Général des Impôts 2026,"Article 13.- Produits des actions, parts sociales et revenus
assimilés
Les produits des actions, parts sociales et revenus assimilés soumis à la
retenue à la source prévue à l’article 4 ci-dessus sont ceux versés, mis à
",a_verifier
4064,Article 14,Code Général des Impôts 2026,"Article 14.- Produits de placements à revenu fixe
Les produits de placements à revenu fixe soumis à la retenue à la source
prévue à l’article 4 ci-dessus, sont ceux versés, mis à la disposition ou
inscrits en compte des ",a_verifier
4065,Article 14 bis,Code Général des Impôts 2026,"Article 14 bis.- Revenus des certificats de Sukuk143
Sont soumis à la retenue à la source, au taux applicable aux produits
de placements à revenu fixe, les revenus versés par les fonds de
placements collectifs en titrisa",a_verifier
4066,Article 15,Code Général des Impôts 2026,"Article 15.- Produits bruts perçus par les personnes physiques ou
morales non résidentes
Les produits bruts soumis à la retenue à la source prévue à l’article 4
ci-dessus sont ceux versés, mis à la disposition ou inscrit",a_verifier
4067,Article 15 ter,Code Général des Impôts 2026,"Article 15 ter - Produits de location145
Les produits de location soumis à la retenue à la source prévus à l’article
4-V ci-dessus, s’entendent des produits de location de biens immeubles
bâtis et non bâtis et des constr",a_verifier
4068,Article 16,Code Général des Impôts 2026,"Article 16.- Détermination de la base imposable
Les sociétés non résidentes adjudicataires de marchés de travaux, de
construction ou de montage peuvent opter, lors du dépôt de la déclaration
prévue à l'article 148-III 14",a_verifier
4069,Article 17,Code Général des Impôts 2026,"Article 17.- Période d’imposition
L'impôt sur les sociétés est calculé d'après le bénéfice réalisé au cours
de chaque exercice comptable qui ne peut être supérieur à douze (12)
mois.
En cas de liquidation prolongée d'une",a_verifier
4070,Article 18,Code Général des Impôts 2026,"Article 18.- Lieu d’imposition
Les sociétés sont imposées pour l'ensemble de leurs produits, bénéfices
et revenus au lieu de leur siège social ou de leur principal établissement
au Maroc.
En cas d'option pour l'impôt sur",a_verifier
4071,Article 19,Code Général des Impôts 2026,"Article 19.- Taux d’imposition
I.- Taux normal de l’impôt
Sous réserve des dispositions du paragraphe XXXVII-A de l’article
247 ci-dessous, le taux de l’impôt sur les sociétés est fixé à148 :
147 Article 8 de la loi de f",a_verifier
4072,Article 19 bis,Code Général des Impôts 2026,"Article 19 bis.- Imputation de l’impôt étranger164
Lorsque les produits, bénéfices et revenus prévus aux articles 4 et 8
ci-dessus de source étrangère ont été soumis à un impôt sur les sociétés
dans le pays de la source ",a_verifier
4073,Article 20,Code Général des Impôts 2026,"Article 20.- Déclaration du résultat fiscal et du chiffre d’affaires
I.- Les sociétés qu’elles soient imposables à l’impôt sur les sociétés ou
qu’elles en soient exonérées, à l'exception des sociétés non résidentes
visée",a_verifier
4074,Article 20 bis,Code Général des Impôts 2026,"Article 20 bis.- Obligations des contribuables en cas de transfert
des immobilisations corporelles, incorporelles et
financières entre les sociétés membres d’un
groupe 172
En vue de réaliser les opérations de transfert d",a_verifier
4075,Article 21,Code Général des Impôts 2026,"Article 21.- Définition
L’impôt sur le revenu s’applique aux revenus et profits des personnes
physiques et des personnes morales visées à l’article 3 ci-dessus et
n’ayant pas opté pour l’impôt sur les sociétés.",a_verifier
4076,Article 22,Code Général des Impôts 2026,"Article 22.- Revenus et profits imposables
Les catégories de revenus et profits concernés sont :
1°- les revenus professionnels ;
2°- les revenus provenant des exploitations agricoles ;
3°- les revenus salariaux et reven",a_verifier
4077,Article 23,Code Général des Impôts 2026,"Article 23.- Territorialité
I.- Sont assujetties à l'impôt sur le revenu :
1°- les personnes physiques qui ont au Maroc leur domicile fiscal,
à raison de l’ensemble de leurs revenus et profits, de source marocaine
et étr",a_verifier
4078,Article 24,Code Général des Impôts 2026,"Article 24.- Exonérations
Sont exonérés de l'impôt sur le revenu :
1°- les ambassadeurs et agents diplomatiques, les consuls et
agents consulaires de nationalité étrangère, pour leurs revenus de source
étrangère, dans la",a_verifier
4079,Article 25,Code Général des Impôts 2026,"Article 25.- Détermination du revenu global imposable
Le revenu global imposable est constitué par le ou les revenus nets
d'une ou plusieurs des catégories prévues à l'article 22 ci-dessus, à
l’exclusion des revenus et p",a_verifier
4080,Article 26,Code Général des Impôts 2026,"Article 26.- Détermination du revenu global imposable des
personnes physiques membres de groupements
I.- Sous réserve de l’option prévue à l’article 2-II ci-dessus, le résultat
bénéficiaire réalisé par les sociétés en no",a_verifier
4081,Article 27,Code Général des Impôts 2026,"Article 27.- Détermination du revenu global imposable des
personnes qui s’établissent au Maroc ou qui cessent
d’y avoir leur domicile fiscal
I.- Lorsqu'un contribuable acquiert un domicile fiscal au Maroc, son
revenu glo",a_verifier
4082,Article 28,Code Général des Impôts 2026,"Article 28.- Déductions sur le revenu global imposable
Sont déductibles du revenu global imposable, tel qu'il est défini à l'article
25 ci-dessus :
I.- Le montant des dons en argent ou en nature octroyés aux
organismes v",a_verifier
4083,Article 29,Code Général des Impôts 2026,"Article 29.- Evaluation des dépenses des personnes physiques223
lors de l’examen de l’ensemble de la situation fiscale
Les dépenses visées à l’article 216 ci-dessous et dont le montant est
supérieur à deux cent quarante ",a_verifier
4084,Article 30,Code Général des Impôts 2026,"Article 30.- Définition des revenus professionnels
Sont considérés comme revenus professionnels pour l'application de
l'impôt sur le revenu :
1°- les bénéfices réalisés par les personnes physiques et provenant de
l'exerc",a_verifier
4085,Article 31,Code Général des Impôts 2026,"Article 31.- Exonérations, abattement et réduction d’impôt232
I.- Exonération 233
A.- Exonération permanente
1°- (abrogé)234
2°- (abrogé)235
B.- Exonérations temporaires236
1°- (abrogé) 237
2°-Les entreprises hôtelières ",a_verifier
4086,Article 32,Code Général des Impôts 2026,"Article 32.- Régimes de détermination du revenu net
professionnel
I.- Les revenus professionnels sont déterminés d'après le régime du
résultat net réel prévu aux articles 33 à 37 et à l’article 161 ci-dessous.
Toutefois,",a_verifier
4087,Article 33,Code Général des Impôts 2026,"Article 33.- Détermination du résultat net réel
I.- L'exercice comptable des contribuables dont le revenu
professionnel est déterminé d'après le régime du résultat net réel doit être
clôturé au 31 décembre de chaque anné",a_verifier
4088,Article 34,Code Général des Impôts 2026,"Article 34.- Produits imposables
Les produits imposables visés à l’article 33-II ci-dessus s’entendent :
I.- des produits, plus-values et gains visés à l'article 9-I ci-dessus ;
II.- des plus-values, résultant d’une cess",a_verifier
4089,Article 35,Code Général des Impôts 2026,"Article 35.- Charges déductibles
Les charges déductibles au sens de l’article 33-II ci-dessus, sont celles
visées à l’article 10 ci-dessus, à l’exclusion de l’impôt sur le revenu.
Ne sont pas déductibles comme charges251",a_verifier
4090,Article 36,Code Général des Impôts 2026,"Article 36.- Charges non déductibles en totalité ou en partie
Ne sont pas déductibles du résultat net réel, les charges visées à
l’article 11 ci-dessus.",a_verifier
4091,Article 37,Code Général des Impôts 2026,"Article 37.- Déficit reportable
Le déficit d'un exercice peut être déduit du bénéfice de l’exercice ou
des exercices suivants dans les conditions visées à l’article 12 ci-dessus.
II.- REGIME DU RESULTAT NET SIMPLIFIE",a_verifier
4092,Article 38,Code Général des Impôts 2026,"Article 38.- Détermination du résultat net simplifié
I.- L’exercice comptable des contribuables, dont les revenus
professionnels sont déterminés d'après le régime du résultat net simplifié,
est clôturé au 31 décembre de ",a_verifier
4093,Article 39,Code Général des Impôts 2026,"Article 39.- Conditions d’application du régime du résultat net
simplifié255
Le régime du résultat net simplifié est applicable sur option formulée
dans les conditions de forme et de délai prévues aux articles 43 et 44 c",a_verifier
4094,Article 40,Code Général des Impôts 2026,"Article 40.- Détermination de la base imposable259
I.- Les personnes physiques dont les revenus professionnels sont
déterminés selon le régime de la contribution professionnelle unique sont
soumises à l’impôt sur le reve",a_verifier
4095,Article 41,Code Général des Impôts 2026,"Article 41.- Conditions d’application263
I.- Les personnes physiques visées à l’article 40 ci-dessus peuvent
opter pour le régime de la contribution professionnelle unique, dans les
conditions de forme et de délai prévue",a_verifier
4096,Article 42,Code Général des Impôts 2026,"Article 42.- (abrogé)264
IV.- REGIME DE L’AUTO-ENTREPRENEUR
Article 42 bis265.- Détermination de la base imposable
Les personnes physiques exerçant une activité professionnelle, à titre
individuel en tant qu’auto-entrepr",a_verifier
4097,Article 42 ter,Code Général des Impôts 2026,"Article 42 ter.268- Conditions d’application
I.- Le régime de l’auto-entrepreneur est applicable sur option dans les
conditions de forme et de délai prévues aux articles 43-4° et 44-II ci-
dessous.
II.- L’option pour le ",a_verifier
4098,Article 43,Code Général des Impôts 2026,"Article 43.- Limites du chiffre d’affaires
1°- Les options pour le régime du résultat net simplifié ou pour celui
de la contribution professionnelle unique271, formulées par les
contribuables visés respectivement272 aux ",a_verifier
4099,Article 44,Code Général des Impôts 2026,"Article 44.- Dates d’option
I.- Les contribuables qui entendent opter pour le régime du résultat
net simplifié ou celui de la contribution professionnelle unique279 doivent
en formuler la demande par écrit et l'adresser ",a_verifier
4100,Article 45,Code Général des Impôts 2026,"Article 45.- Produits bruts perçus par les personnes non
résidentes
Les produits bruts, visés à l'article 30-3° ci-dessus tels qu’énumérés à
l’article 15 ci-dessus, sont ceux perçus par les personnes physiques et les
per",a_verifier
4101,Article 45 bis,Code Général des Impôts 2026,"Article 45 bis.285- Rémunérations allouées à des tiers
I.- Les rémunérations allouées à des tiers visées à l’article 4-IV ci-
dessus, s’entendent des honoraires, commissions, courtages et autres
rémunérations de même nat",a_verifier
4102,Article 46,Code Général des Impôts 2026,"Article 46.-Définition des revenus agricoles
Sont considérés comme revenus agricoles, les bénéfices réalisés par
un agriculteur et/ou éleveur et provenant de toute activité inhérente à
l’exploitation d’un cycle de produc",a_verifier
4103,Article 47290,Code Général des Impôts 2026,"Article 47290.- Exonération permanente et réduction d’impôt291
I- Exonération permanente
Sont exonérés de l'impôt sur le revenu de manière permanente les
contribuables disposant des revenus agricoles tels que définis à l",a_verifier
4104,Article 48,Code Général des Impôts 2026,"Article 48.- Régimes d’imposition
I.- Le revenu imposable provenant des exploitations agricoles est
déterminé d'après un bénéfice forfaitaire tel que défini à l’article 49 ci-
dessous et en tenant compte des dispositions",a_verifier
4105,Article 49,Code Général des Impôts 2026,"Article 49.- Détermination du bénéfice forfaitaire
I.- Le bénéfice forfaitaire annuel de chaque exploitation comprend le
bénéfice afférent aux terres de culture et aux plantations régulières et le
bénéfice afférent aux a",a_verifier
4106,Article 50,Code Général des Impôts 2026,"Article 50.- Composition et fonctionnement de la commission
locale communale
La commission locale communale comprend :
1°- un représentant de l'autorité locale, président ;
2°- trois représentants des agriculteurs, membr",a_verifier
4107,Article 51,Code Général des Impôts 2026,"Article 51.- Dégâts causés aux récoltes
Les pertes de récolte sur pied par suite de gelée, grêle, inondation,
incendie, invasion acridienne, sécheresse et autres événements
extraordinaires sont prises en considération po",a_verifier
4108,Article 52,Code Général des Impôts 2026,"Article 52.- Condition d’option
I.- L'option pour le régime du résultat net réel doit être formulée par
le contribuable :
 soit par lettre recommandée, avec accusé de réception, adressée
avant la date prévue pour le rec",a_verifier
4109,Article 53,Code Général des Impôts 2026,"Article 53.- Détermination du résultat net réel
I.- L'exercice comptable des exploitations dont le bénéfice est
déterminé d'après le régime du résultat net réel est clôturé au 31
décembre de chaque année.
II.- Le résulta",a_verifier
4110,Article 54,Code Général des Impôts 2026,"Article 54.- Changement de régime d’imposition
I.- L'exploitant qui devient imposable selon le régime du résultat net
réel obligatoirement ou sur option, ne peut pratiquer les amortissements
prévus au F de l'article 10 c",a_verifier
4111,Article 55,Code Général des Impôts 2026,"Article 55.- Déclaration des biens concernant la production
agricole
Les contribuables sont tenus après avoir été avisés quinze jours avant
la date prévue pour le recensement annuel effectué dans les communes
du lieu de ",a_verifier
4112,Article 56,Code Général des Impôts 2026,"Article 56.- Définition des revenus salariaux et assimilés
Sont considérés comme revenus salariaux pour l'application de l'impôt sur
le revenu :
- les traitements ;
- les indemnités et émoluments ;
- les salaires ;
- les",a_verifier
4113,Article 57,Code Général des Impôts 2026,"Article 57.- Exonérations
Sont exonérés de l'impôt :
1°- les indemnités destinées à couvrir des frais engagés dans l'exercice
de la fonction ou de l'emploi, dans la mesure où elles sont justifiées,
qu'elles soient rembou",a_verifier
4114,Article 58,Code Général des Impôts 2026,"Article 58.- Détermination du revenu imposable
I.- Cas général :
Le montant du revenu net imposable est obtenu en déduisant des sommes
brutes payées au titre des revenus et avantages énumérés à l'article 56
ci-dessus :
-",a_verifier
4115,Article 59,Code Général des Impôts 2026,"Article 59- Déductions
Sont déductibles des sommes brutes énumérées à l’article 56 ci-dessus,
exclusion faite de celles exonérées en vertu des dispositions de l’article 57
ci-dessus :
I.- les frais inhérents à la fonctio",a_verifier
4116,Article 60,Code Général des Impôts 2026,"Article 60.- Abattement forfaitaire
I.- Pour la détermination du revenu net imposable en matière de
pensions et rentes viagères, il est appliqué sur le montant brut imposable
desdites pensions et rentes, déduction faite,",a_verifier
4117,Article 61,Code Général des Impôts 2026,"Article 61.- Définition des revenus et profits fonciers
I.- Sont considérés comme revenus fonciers pour l'application de
l'impôt sur le revenu, lorsqu'ils n'entrent pas dans la catégorie des revenus
professionnels :
A.- ",a_verifier
4118,Article 62,Code Général des Impôts 2026,"Article 62.- Exclusion du champ d’application de l’impôt
I.- Est exclue du champ d’application de l'impôt, la valeur locative des
immeubles que les propriétaires mettent gratuitement à la disposition :
 de leurs ascenda",a_verifier
4119,Article 63,Code Général des Impôts 2026,"Article 63.- Exonérations
Sont exonérés de l'impôt :
I.- (abrogé) 363
II.- A.- le profit réalisé par toute personne qui effectue dans l'année
civile des cessions d'immeubles dont la valeur totale n'excède pas cent
quaran",a_verifier
4120,Article 64,Code Général des Impôts 2026,"Article 64.- Détermination du revenu foncier378 imposable
I.- Sous réserve des dispositions de l'article 65 ci-après, le revenu
foncier brut des immeubles donnés en location est constitué par le
montant brut total des lo",a_verifier
4121,Article 65,Code Général des Impôts 2026,"Article 65.- Détermination du profit foncier imposable
Le profit net imposable est égal à la différence entre le prix de cession
diminué, le cas échéant, des frais de cession et le prix d’acquisition
augmenté des frais d",a_verifier
4122,Article 66,Code Général des Impôts 2026,"Article 66.- Définition des revenus et profits de capitaux
mobiliers
I.- Sont considérés comme des revenus de capitaux mobiliers :
A.- les produits des actions, parts sociales et revenus assimilés visés
à l’article 13 ci",a_verifier
4123,Article 67,Code Général des Impôts 2026,"Article 67.- Fait générateur de l’impôt
I.- Pour les produits des actions, parts sociales et revenus assimilés
ainsi que les revenus des placements à revenu fixe et les revenus des
certificats de Sukuk,397 le fait généra",a_verifier
4124,Article 68,Code Général des Impôts 2026,"Article 68.- Exonérations
Sont exonérés de l’impôt :
I.- la donation entre ascendants et descendants et entre époux, frères
et sœurs et entre la personne assurant la Kafala dans le cadre d’une
ordonnance du juge des tute",a_verifier
4125,Article 69,Code Général des Impôts 2026,"Article 69.- Détermination du revenu net imposable
Le revenu net imposable est déterminé en déduisant du montant brut
des revenus mentionnés aux articles 13, 14 et 14 bis411 ci-dessus, les agios
et les frais d'encaisseme",a_verifier
4126,Article 70,Code Général des Impôts 2026,"Article 70.- Détermination du profit net imposable
Le profit net de cession visé à l’article 66-II ci-dessus est calculé par
référence aux cessions effectuées sur chaque valeur ou titre. Il est
constitué par la différenc",a_verifier
4127,Article 70 bis,Code Général des Impôts 2026,"Article 70 bis.415- Définition des autres revenus et gains
Sont considérés comme autres revenus et gains pour l’application de
l’impôt sur le revenu, les revenus et gains, qui ne relèvent pas de l’une
des catégories visé",a_verifier
4128,Article 71,Code Général des Impôts 2026,"Article 71.- Période d’imposition
L'impôt sur le revenu est établi chaque année en raison du revenu global
acquis par le contribuable au cours de l'année précédente.
Toutefois, pour les revenus salariaux et assimilés vis",a_verifier
4129,Article 72,Code Général des Impôts 2026,"Article 72.- Lieu d’imposition
L'impôt est établi au lieu du domicile fiscal du contribuable ou de son
principal établissement.
414 Article 8 de la loi de finances n° 60-24 pour l’année budgétaire 2025
415 Article 8 de l",a_verifier
4130,Article 73,Code Général des Impôts 2026,"Article 73.- Taux de l’impôt
I.- Barème de calcul
Le barème de calcul de l'impôt sur le revenu est fixé comme suit416 :
- la tranche du revenu allant jusqu'à 40 000 dirhams est exonérée ;
- 10% pour la tranche du revenu ",a_verifier
4131,Article 74,Code Général des Impôts 2026,"Article 74.- Réduction pour charge de famille
I.- Il est déduit du montant annuel de l'impôt en raison des charges
de famille du contribuable, une somme de six cents (600) 467 dirhams par
personne à charge au sens du II ",a_verifier
4132,Article 75,Code Général des Impôts 2026,"Article 75.- Conditions d’application des réductions d’impôt pour
charge de famille
Les réductions d’impôt pour charge de famille sont appliquées d'après
les indications figurant sur les déclarations du revenu global pré",a_verifier
4133,Article 76,Code Général des Impôts 2026,"Article 76.- Réduction au titre des retraites de source étrangère
Les contribuables ayant au Maroc leur domicile fiscal au sens de
l'article 23 ci-dessus et titulaires de pensions de retraite ou d'ayants cause
de source ",a_verifier
4134,Article 77,Code Général des Impôts 2026,"Article 77.- Imputation de l’impôt étranger
Lorsque les revenus prévus à l'article 25 (3ème alinéa) ci-dessus ont été
soumis à un impôt sur le revenu dans le pays de la source avec lequel le
Maroc a conclu une convention",a_verifier
4135,Article 78,Code Général des Impôts 2026,"Article 78.- Déclaration d’identité fiscale
Les contribuables passibles de l'impôt sur le revenu au titre des revenus
visés à l'article 22 (3°, 4° , 5° et 6°470) ci-dessus, y compris ceux qui en
sont exonérés temporairem",a_verifier
4136,Article 79,Code Général des Impôts 2026,"Article 79.- Déclaration des traitements et salaires
I.- Les employeurs privés domiciliés ou établis au Maroc ainsi que les
administrations et autres personnes morales de droit public sont tenus de
remettre avant le 1er ",a_verifier
4137,Article 80,Code Général des Impôts 2026,"Article 80.- Obligations des employeurs et débirentiers
Les employeurs ou débirentiers chargés d'effectuer la retenue à la
source doivent tenir un livre spécial ou tout autre document en tenant lieu
où doivent être menti",a_verifier
4138,Article 81,Code Général des Impôts 2026,"Article 81.- Déclaration des pensions et autres prestations
servies sous forme de capital ou de rentes
I.- Les débirentiers domiciliés ou établis au Maroc sont tenus dans les
formes et délai prévus à l'article 79 ci-dess",a_verifier
4139,Article 82,Code Général des Impôts 2026,"Article 82.- Déclaration annuelle du revenu global
I.- Sous réserve des dispositions de l'article 86 ci-dessous, les
contribuables sont tenus d'adresser, par lettre recommandée avec accusé
de réception ou de remettre con",a_verifier
4140,Article 82 ter,Code Général des Impôts 2026,"Article 82 ter.- (abrogé)491
Article 82 quater492- Déclaration du chiffre d’affaires et des plus-
values réalisés par le contribuable dont le
revenu professionnel est déterminé selon le
régime de la contribution professi",a_verifier
4141,Article 83,Code Général des Impôts 2026,"Article 83.- Déclaration des profits fonciers494
I.- En ce qui concerne les cessions de biens immeubles ou de droits réels
s'y rattachant, les propriétaires, les usufruitiers et les redevables de
l’impôt doivent remettre",a_verifier
4142,Article 84,Code Général des Impôts 2026,"Article 84.- Déclaration des profits de capitaux mobiliers
I.- Les contribuables qui cèdent des valeurs mobilières et autres titres
de capital et de créance non inscrits en compte auprès d’intermédiaires
financiers habil",a_verifier
4143,Article 84 bis,Code Général des Impôts 2026,"Article 84 bis. - Déclaration des revenus et profits de capitaux
mobiliers de source étrangère507
Les contribuables qui disposent de revenus ou de profits de capitaux
mobiliers de source étrangère non soumis à la retenue",a_verifier
4144,Article 85,Code Général des Impôts 2026,"Article 85.- Déclaration en cas de départ du Maroc ou en cas de
décès
I.- Le contribuable qui cesse d'avoir au Maroc son domicile fiscal, est
tenu d'adresser, par lettre recommandée avec accusé de réception, ou de
remett",a_verifier
4145,Article 86,Code Général des Impôts 2026,"Article 86.- Dispense de la déclaration annuelle du revenu global
Ne sont pas tenus de produire la déclaration du revenu global, à moins
qu’ils ne s’estiment surtaxés ou prétendent aux déductions prévues aux
articles 28 ",a_verifier
4146,Article 87,Code Général des Impôts 2026,"Article 87.- Définition
La taxe sur la valeur ajoutée qui est une taxe sur le chiffre d'affaires
s'applique :
1°- aux opérations de nature industrielle, commerciale, artisanale
ou relevant de l'exercice d'une profession ",a_verifier
4147,Article 88,Code Général des Impôts 2026,"Article 88.- Principes gouvernant la notion de territorialité
Une opération est réputée faite au Maroc :
1°- s'il s'agit d'une vente, lorsque celle-ci est réalisée aux conditions
de livraison de la marchandise au Maroc ;",a_verifier
4148,Article 89,Code Général des Impôts 2026,"Article 89.- Opérations obligatoirement imposables
I.- Sont soumis à la taxe sur la valeur ajoutée :
1°- les ventes et les livraisons par les fabricants et les entrepreneurs
de manufacture de produits extraits, fabriqués",a_verifier
4149,Article 90,Code Général des Impôts 2026,"Article 90.- Opérations imposables par option
Peuvent sur leur demande, prendre la qualité d'assujettis à la taxe sur la
valeur ajoutée :
1°- les commerçants et les prestataires de services qui exportent
directement les ",a_verifier
4150,Article 91,Code Général des Impôts 2026,"Article 91.- Exonérations sans droit à déduction
Sont exonérées de la taxe sur la valeur ajoutée :
I.- A) Les ventes, autrement qu’à consommer sur place, portant sur :
1°- le pain, le couscous, les semoules, les pâtes al",a_verifier
4151,Article 92,Code Général des Impôts 2026,"Article 92.- Exonérations avec droit à déduction
I.- Sont exonérés de la taxe sur la valeur ajoutée avec bénéfice du
droit à déduction prévu à l'article 101 ci-dessous :
1°- les produits livrés et les prestations de serv",a_verifier
4152,Article 93,Code Général des Impôts 2026,"Article 93.- Conditions d’exonération
I.- Conditions d’exonération du logement social623
A-La superficie de logement social bénéficiant de l’exonération de la
T.V.A. en vertu de l’article 92-I-28° ci-dessus s’entend des ",a_verifier
4153,Article 94,Code Général des Impôts 2026,"Article 94.- Régime suspensif
I.- Les entreprises exportatrices de produits peuvent, sur leur demande
et dans la limite du montant du chiffre d'affaires réalisé au cours de l'année
écoulée au titre de leurs opérations d'",a_verifier
4154,Article 95,Code Général des Impôts 2026,"Article 95.- Fait générateur
Le fait générateur de la taxe sur la valeur ajoutée est constitué par
l'encaissement total ou partiel du prix des marchandises, des travaux ou des
services.
Toutefois, les contribuables qui e",a_verifier
4155,Article 96,Code Général des Impôts 2026,"Article 96.- Détermination de la base imposable
Le chiffre d'affaires imposable comprend le prix des marchandises642, des
travaux ou des services et les recettes accessoires qui s'y rapportent, ainsi
que les frais, droit",a_verifier
4156,Article 97,Code Général des Impôts 2026,"Article 97.- (abrogé)652
CHAPITRE III
TAUX DE LA TAXE",a_verifier
4157,Article 98,Code Général des Impôts 2026,Article 98.- (abrogé)653,a_verifier
4158,Article 99,Code Général des Impôts 2026,"Article 99.- Taux normal de la taxe654
Le taux de la taxe sur la valeur ajoutée est fixé à655 :
A.- 20 %656 ;
B.- 10 % :
1° - avec droit à déduction pour :
 les opérations d’hébergement et de restauration 657 ainsi que ",a_verifier
4159,Article 100,Code Général des Impôts 2026,"Article 100.- (abrogé)684
CHAPITRE IV
DEDUCTIONS ET REMBOURSEMENTS",a_verifier
4160,Article 101,Code Général des Impôts 2026,"Article 101.- Règle générale
1°- La taxe sur la valeur ajoutée qui a grevé les éléments du prix d'une
opération imposable est déductible de la taxe sur la valeur ajoutée applicable
à cette opération.
Les assujettis opère",a_verifier
4161,Article 102,Code Général des Impôts 2026,"Article 102.- Régime des biens amortissables
Les biens susceptibles d’amortissement éligibles au droit à déduction
doivent être inscrits dans un compte d’immobilisation et affectés à la
réalisation d’opérations soumises ",a_verifier
4162,Article 103,Code Général des Impôts 2026,"Article 103.- Remboursement
Sauf dans les cas énumérés ci-dessous 699, le crédit de taxe ne peut aboutir
à un remboursement, même partiel, de la taxe ayant grevé une opération
déterminée.
1° - Dans le cas d'opérations ré",a_verifier
4163,Article 103 bis,Code Général des Impôts 2026,"Article 103 bis.707 - Remboursement de la taxe sur la valeur
ajoutée sur les biens d’investissement
Les assujettis à la taxe sur la valeur ajoutée bénéficiant du droit à
déduction, à l’exclusion des établissements et ent",a_verifier
4164,Article 104,Code Général des Impôts 2026,"Article 104.- Montant de la taxe déductible ou remboursable
I.- Détermination du droit à déduction ou remboursement
La déduction ou le remboursement sont admis jusqu'à concurrence :
a) de la taxe dont le paiement à l'imp",a_verifier
4165,Article 105,Code Général des Impôts 2026,"Article 105.- Transfert du droit à déduction721
1°- Lorsque deux entreprises sont liées par un contrat pour la réalisation
d'un marché clé en mains et que le maître d’œuvre importe en son nom tout
ou partie des fournitur",a_verifier
4166,Article 106,Code Général des Impôts 2026,"Article 106.- Opérations exclues du droit à déduction
I.- N'ouvre pas droit à déduction, la taxe ayant grevé :
1° - les biens, produits, matières et services non utilisés pour les besoins
de l'exploitation ;
2° - les imm",a_verifier
4167,Article 107,Code Général des Impôts 2026,"Article 107.- Modalités de déclaration
I.- La taxe sur la valeur ajoutée est due par les personnes qui réalisent
les opérations situées obligatoirement ou par option dans le champ
d'application de la taxe.
L'imposition d",a_verifier
4168,Article 108,Code Général des Impôts 2026,"Article 108.- Périodicité de la déclaration
I.- Déclaration mensuelle
Sont obligatoirement imposés sous le régime de la déclaration mensuelle :
- les contribuables dont le chiffre d'affaires taxable réalisé au cours de
l",a_verifier
4169,Article 109,Code Général des Impôts 2026,"Article 109.- Déclaration d'existence
Toute personne assujettie à la taxe sur la valeur ajoutée doit souscrire au
service local des impôts dont elle dépend, la déclaration d'existence prévue
à l’article 148 ci-dessous.",a_verifier
4170,Article 110,Code Général des Impôts 2026,"Article 110.- Déclaration mensuelle
Les contribuables imposés sous le régime de la déclaration mensuelle
doivent déposer avant le vingt (20) de chaque mois auprès du receveur de
l’administration fiscale, une déclaration ",a_verifier
4171,Article 111,Code Général des Impôts 2026,"Article 111.- Déclaration trimestrielle
Les contribuables imposés sous le régime de la déclaration trimestrielle
doivent déposer, avant le vingt (20) du premier mois de chaque trimestre,
auprès du receveur de l’administr",a_verifier
4172,Article 112,Code Général des Impôts 2026,"Article 112.- Contenu de la déclaration et des pièces annexes
I.- La déclaration doit être faite selon un modèle739 établi par
l'administration, lequel comporte notamment :
1°- l'identité du contribuable ;
2°- le montant",a_verifier
4173,Article 113,Code Général des Impôts 2026,"Article 113.- Déclaration du prorata
Les contribuables effectuant concurremment des opérations taxables et des
opérations situées en dehors du champ d’application de la taxe ou exonérées
en vertu des dispositions de l’ar",a_verifier
4174,Article 113 bis,Code Général des Impôts 2026,"Article 113 bis – Déclaration du pourcentage de récupération745
Pour bénéficier du droit à déduction de la taxe sur la valeur ajoutée non
apparente prévue à l’article 125 ter ci-dessous, les personnes assujetties
sont te",a_verifier
4175,Article 114,Code Général des Impôts 2026,"Article 114.- Déclaration de cession, de cessation et de
transformation de la forme juridique de
l’entreprise
En cas de changement dans la personne du contribuable, pour quelque
cause que ce soit, de transfert ou de cess",a_verifier
4176,Article 115,Code Général des Impôts 2026,"Article 115.- Obligations des contribuables non- résidents 746
Toute personne n’ayant pas d’établissement au Maroc et y effectuant des
opérations imposables au profit d’un client établi au Maroc, doit accréditer
auprès d",a_verifier
4177,Article 115 bis,Code Général des Impôts 2026,"Article 115 bis.- Obligations des fournisseurs de services à
distance non-résidents 747
A défaut d’accréditation d’un représentant fiscal conformément aux
dispositions de l’article 115 ci-dessus, toute personne non résid",a_verifier
4178,Article 116,Code Général des Impôts 2026,"Article 116.- Retenue à la source sur le montant des commissions
allouées par les sociétés d’assurances à leurs
courtiers
La taxe due sur les services rendus par tout agent, démarcheur ou courtier
à raison des contrats a",a_verifier
4179,Article 117,Code Général des Impôts 2026,"Article 117.751- Retenue à la source
I- Retenue à la source sur les intérêts servis par les
établissements de crédit pour leur compte ou pour le compte
de tiers
La taxe sur la valeur ajoutée due sur les intérêts servis p",a_verifier
4180,Article 118,Code Général des Impôts 2026,"Article 118.- Règles comptables
Toute personne assujettie à la taxe sur la valeur ajoutée doit :
1°- tenir une comptabilité régulière permettant de déterminer le chiffre
d'affaires et de dégager le montant de la taxe don",a_verifier
4181,Article 119,Code Général des Impôts 2026,"Article 119.- Facturation
I.- Les personnes effectuant les opérations soumises à la taxe sur la
valeur ajoutée sont tenues de délivrer à leurs acheteurs ou clients passibles
de ladite taxe des factures établies conformém",a_verifier
4182,Article 120,Code Général des Impôts 2026,"Article 120.- Compétence
L’application de la taxe sur la valeur ajoutée à l’importation incombe à
l’administration des douanes et impôts indirects, conformément aux
dispositions du présent code.",a_verifier
4183,Article 121,Code Général des Impôts 2026,"Article 121.- Fait générateur et assiette
Le fait générateur de la taxe sur la valeur ajoutée est constitué, à
l'importation, par le dédouanement des marchandises.
Le taux de la taxe est fixé à 20 % ad valorem.
Ce taux e",a_verifier
4184,Article 122,Code Général des Impôts 2026,"Article 122.- Liquidation
La taxe est liquidée et perçue, les contraventions sont constatées et
réprimées, les poursuites sont effectuées et les instances sont introduites,
instruites et jugées comme en matière de droits",a_verifier
4185,Article 123,Code Général des Impôts 2026,"Article 123.- Exonérations
Sont exonérés de la taxe sur la valeur ajoutée à l'importation :
1°- les marchandises visées à l'article 91 (I-A-1°, 2°, 3°, 8°767, 9°768 et
10°769) ci-dessus à l’exclusion du maïs et de l’orge",a_verifier
4186,Article 124,Code Général des Impôts 2026,"Article 124.- Modalités d’exonérations
I.- Les exonérations prévues aux articles 91- I (E (2° et 4°))817, 92–I
(5°818, 6°, 7°, 8°,9°,10°, 12°, 13°, 14°, 15°, 16°, 17°, 20°, 21°, 22°, 23°,
24°, 25°, 29°, 32°, 33°, 34°, 35",a_verifier
4187,Article 125,Code Général des Impôts 2026,"Article 125.- Affectation du produit de la taxe sur la valeur
ajoutée836 et mesures transitoires
I.- Le produit de la taxe sur la valeur ajoutée est pris en recette, au
budget général de l'Etat et, dans une proportion ne",a_verifier
4188,Article 125 bis,Code Général des Impôts 2026,"Article 125 bis. - Régime particulier applicable aux biens
d’occasion 844
Les opérations de vente et de livraison de biens d’occasion sont soumises
à la taxe sur la valeur ajoutée dans les conditions prévues à l’article ",a_verifier
4189,Article 125 ter,Code Général des Impôts 2026,"Article 125 ter.-845 Récupération de la taxe sur la valeur ajoutée
non apparente
Par dérogation aux dispositions des articles 101 et 104 ci-dessus, ouvre
droit à déduction la taxe sur la valeur ajoutée non apparente sur ",a_verifier
4190,Article 125 quater,Code Général des Impôts 2026,"Article 125 quater.- Régimes applicables aux agences de
voyage851
Par dérogation aux dispositions de l’article 92 (I-1°) ci-dessus, les opérations
réalisées par les agences de voyage installées au Maroc et destinées à
l’",a_verifier
4191,Article 125 quinquies,Code Général des Impôts 2026,"Article 125 quinquies. - Régime particulier d’auto-liquidation852
I. - Par dérogation aux dispositions des articles 87, 89 et 91 ci-dessus, le
client assujetti, à l’exclusion des entreprises industrielles de transformati",a_verifier
4192,Article 126,Code Général des Impôts 2026,"Article 126.- Définition et effets de la formalité de
l’enregistrement
I.- Définition de la formalité de l’enregistrement
L’enregistrement est une formalité à laquelle sont soumis les actes et
conventions. Il donne lieu ",a_verifier
4193,Article 126 bis,Code Général des Impôts 2026,"Article 126 bis. 855- Territorialité
Sont soumis à la formalité de l’enregistrement dans les termes de l’article
127 ci-après :
- les actes et conventions établis au Maroc ;
855 Article 7 de la loi de finances n° 80-18 p",a_verifier
4194,Article 127,Code Général des Impôts 2026,"Article 127.- Actes et conventions imposables
I.- Enregistrement obligatoire
Sont obligatoirement assujettis à la formalité et aux droits
d'enregistrement, alors même qu’à raison du vice de leur forme ils
seraient sans v",a_verifier
4195,Article 128,Code Général des Impôts 2026,"Article 128.- Délais d’enregistrement
I.- Sont assujettis à l’enregistrement et au paiement des droits dans le
délai de trente (30) jours :
A.- A compter de leur date :
- les actes et les conventions énumérés à l’article",a_verifier
4196,Article 129,Code Général des Impôts 2026,"Article 129.- Exonérations
Sont exonérés des droits d’enregistrement :
I.- Actes présentant un intérêt public :
1°- les acquisitions par les Etats étrangers d'immeubles destinés à
l'installation de leur représentation di",a_verifier
4197,Article 130,Code Général des Impôts 2026,"Article 130.- Conditions d’exonération
I.- (abrogé)936
II.- L’exonération prévue à l’article 129- IV- 2° ci-dessus est acquise
aux conditions suivantes :
A.- Les promoteurs immobiliers doivent réaliser leurs opérations d",a_verifier
4198,Article 131,Code Général des Impôts 2026,"Article 131.- Base imposable
Pour la liquidation des droits, la valeur de la propriété, de la nue-propriété,
de l'usufruit et de la jouissance des biens meubles et immeubles et, d’une
manière générale, la base imposable ",a_verifier
4199,Article 132,Code Général des Impôts 2026,"Article 132.- Liquidation de l’impôt
I.- Les droits d’enregistrement sont applicables, selon les motifs des
conventions et les obligations qu'elles imposent, aux actes et déclarations
soumis obligatoirement à l’enregistr",a_verifier
4200,Article 133,Code Général des Impôts 2026,"Article 133.- Droits proportionnels
I.- Taux applicables956
A.- Sont soumis au taux de 6% :
1°- les actes et conventions prévus à l’article 127 (I-A-1-b))957 ci-
dessus ;
2°- (abrogé) 958
955 Articles 7 et 8 des lois de ",a_verifier
4201,Article 134,Code Général des Impôts 2026,"Article 134.- Conditions d’application des taux réduits
I.- (abrogé)994
II.- (abrogé)995
III.- Pour l’application du taux réduit de 1,50% 996 prévu à l’article 133
(I- C- 9°) ci- dessus, le co-indivisaire doit avoir cett",a_verifier
4202,Article 135,Code Général des Impôts 2026,"Article 135.- Droit fixe
I- Sont enregistrées au droit fixe de mille (1.000) dirhams :
1°-Sous réserve des dispositions prévues à l’article 129 (IV-23°) ci-
dessus997, les constitutions et les augmentations de capital de",a_verifier
4203,Article 136,Code Général des Impôts 2026,"Article 136.- Obligations des parties contractantes
I.- A défaut d’actes et sous réserve des dispositions du III ci-après, les
conventions visées à l’article 127-I-A ci-dessus doivent faire l’objet de
déclarations détail",a_verifier
4204,Article 137,Code Général des Impôts 2026,"Article 137.- Obligations des notaires, des adoul, des cadi
chargés du taoutiq et des secrétaires greffiers1017
I.- Obligations des notaires
Les notaires sont tenus de faire figurer dans les contrats les indications et
l",a_verifier
4205,Article 138,Code Général des Impôts 2026,"Article 138.- Obligations des inspecteurs des impôts chargés de
l’enregistrement
I.- L’enregistrement des actes et déclarations doit être fait jour par
jour et successivement, au fur et à mesure de leur présentation.
Les",a_verifier
4206,Article 139,Code Général des Impôts 2026,"Article 139.- Obligations communes
I.- Nonobstant toutes dispositions contraires, il ne peut être reçu par
le conservateur de la propriété foncière1026, aux fins d’immatriculation ou
d’inscription sur les livres fonciers",a_verifier
4207,Article 140,Code Général des Impôts 2026,"Article 140.- Moyens de preuve
Dans les instances relatives à l'application des droits d'enregistrement et
contrairement à l'article 404 du Code des obligations et contrats, le
serment ne peut être déféré par le juge, la",a_verifier
4208,Article 141,Code Général des Impôts 2026,"Article 141.- Présomptions de mutation
I.- La mutation des immeubles et des droits réels immobiliers est
suffisamment établie pour la demande des droits d'enregistrement, soit
par l'inscription du nouveau possesseur aux ",a_verifier
4209,Article 142,Code Général des Impôts 2026,"Article 142.- Nullité des contre-lettres
Est nulle et de nul effet toute contre-lettre, toute convention ayant pour
but de dissimuler partie du prix d’une vente d’immeuble, d’un fonds de
commerce, d’une cession de client",a_verifier
4210,Article 143,Code Général des Impôts 2026,"Article 143.- Droit de préemption au profit de l’Etat
Indépendamment du droit de contrôle prévu à l'article 217 ci-dessous, le
ministre chargé des finances ou la personne déléguée par lui à cet effet peut
exercer, au pro",a_verifier
4211,Article 144,Code Général des Impôts 2026,"Article 144.- Cotisation minimale
I.- Cotisation minimale en matière d’impôt sur les sociétés et d’impôt
sur le revenu au titre des revenus professionnels et agricoles1039
A.- Définition
La cotisation minimale est un min",a_verifier
4212,Article 145,Code Général des Impôts 2026,"Article 145.- Tenue de la comptabilité
I.- Les contribuables doivent tenir une comptabilité conformément à la
législation et la réglementation en vigueur, de manière à permettre à
l’administration d’exercer les contrôles",a_verifier
4213,Article 145 bis,Code Général des Impôts 2026,Article 145 bis- (abrogé)1069,a_verifier
4214,Article 146,Code Général des Impôts 2026,"Article 146.- Pièces justificatives de dépenses
Tout achat de biens ou services effectué par un contribuable auprès d'un
fournisseur soumis à la taxe professionnelle1070 doit être réellement
réalisé1071 et doit être just",a_verifier
4215,Article 146 bis,Code Général des Impôts 2026,"Article 146 bis- Pièces justificatives des achats pour le
contribuable dont le revenu professionnel est
déterminé selon le régime de la contribution
professionnelle unique 1076
Les contribuables dont les revenus professi",a_verifier
4216,Article 147,Code Général des Impôts 2026,"Article 147.- Obligations des entreprises non résidentes
I.- Les entreprises dont le siège est situé à l'étranger et qui ont au
Maroc une activité permanente doivent tenir, au lieu de leur principal
établissement au Maro",a_verifier
4217,Article 148,Code Général des Impôts 2026,"Article 148.- Déclaration d’existence
I.- Les contribuables, qu’ils soient imposables à l’impôt sur les sociétés
ou à l’impôt sur le revenu au titre de revenus professionnels ou qu’ils en
soient exonérés ainsi que les co",a_verifier
4218,Article 149,Code Général des Impôts 2026,"Article 149.- Déclaration de transfert de siège social ou
changement de domicile fiscal1085
Les entreprises, qu’elles soient imposables à l’impôt sur les sociétés ou à
l’impôt sur le revenu ou à la taxe sur la valeur ajo",a_verifier
4219,Article 150,Code Général des Impôts 2026,"Article 150.- Déclaration de cessation, cession, fusion, scission
ou transformation de l’entreprise
I.- Les contribuables, qu’ils soient imposables à l’impôt sur les sociétés
ou à l’impôt sur le revenu ou qu’ils en soien",a_verifier
4220,Article 150 bis,Code Général des Impôts 2026,"Article 150 bis.- Déclaration de cessation temporaire
d'activité1094
Nonobstant toute disposition contraire, les entreprises qu’elles soient
imposables à l’impôt sur les sociétés ou à l’impôt sur le revenu au titre de
le",a_verifier
4221,Article 151,Code Général des Impôts 2026,"Article 151.- Déclaration des rémunérations allouées à des tiers
et des produits de location1095
I.- Toute entreprise exerçant une activité au Maroc, y compris les
sociétés non résidentes ayant opté pour l'imposition for",a_verifier
4222,Article 152,Code Général des Impôts 2026,"Article 152.- Déclaration des produits des actions, parts sociales
et revenus assimilés
I- Les contribuables qui versent, mettent à la disposition ou inscrivent
en compte des produits des actions, parts sociales et reven",a_verifier
4223,Article 153,Code Général des Impôts 2026,"Article 153.- Déclaration des produits de placements à revenu
fixe et des revenus des certificats de Sukuk1113
Les contribuables qui versent, mettent à la disposition ou inscrivent en
compte les produits de placements à ",a_verifier
4224,Article 154,Code Général des Impôts 2026,"Article 154.- Déclaration des rémunérations versées à des
personnes non résidentes
Les contribuables résidant ou ayant une profession au Maroc et qui
versent, mettent à la disposition ou inscrivent en compte des personne",a_verifier
4225,Article 154 bis,Code Général des Impôts 2026,"Article 154 bis.1119 - Déclaration des revenus fonciers versés à
des personnes physiques par des personnes
morales de droit public ou privé ainsi que par des
personnes physiques dont les revenus
professionnels sont déter",a_verifier
4226,Article 154 ter,Code Général des Impôts 2026,"Article 154 ter.1120 - Déclaration pays par pays
I.- Toute entreprise soumise à l’impôt sur les sociétés au Maroc et
remplissant les conditions du deuxième alinéa ci-après, est tenue de déposer
auprès de l’administration",a_verifier
4227,Article 154 quater,Code Général des Impôts 2026,"Article 154 quater. - Déclaration des gains de jeux de hasard par
internet de source étrangère1122
Les personnes visées à l’article 160 ter ci-dessous doivent souscrire, par
procédé électronique, auprès de l’administrati",a_verifier
4228,Article 155,Code Général des Impôts 2026,"Article 155.- Télédéclaration
I.- Les contribuables soumis à l’impôt peuvent souscrire auprès de
l’Administration fiscale par procédés électroniques les déclarations visées
au présent code et ce, dans les conditions fixé",a_verifier
4229,Article 156,Code Général des Impôts 2026,"Article 156.- Retenue à la source par les employeurs et les
débirentiers sur les salaires et rentes viagères
I.- La retenue à la source au titre des revenus salariaux définis à
l’article 56 ci-dessus doit être opérée par",a_verifier
4230,Article 157,Code Général des Impôts 2026,"Article 157.- Retenue à la source sur les rémunérations allouées
à des tiers et les produits de location1140
I.- La retenue à la source sur les rémunérations allouées à des tiers
prévues à l’article 15 bis ci-dessus et s",a_verifier
4231,Article 158,Code Général des Impôts 2026,"Article 158.- Retenue à la source sur les produits des actions,
parts sociales et revenus assimilés
La retenue à la source sur les produits énumérés à l’article 13 ci-dessus
doit être opérée, pour le compte du trésor, pa",a_verifier
4232,Article 159,Code Général des Impôts 2026,"Article 159.- Retenue à la source sur les produits de placements
à revenu fixe et sur les revenus des certificats de
Sukuk1145
I.1146-La retenue à la source sur les produits de placements à revenu
fixe et les revenus des",a_verifier
4233,Article 160,Code Général des Impôts 2026,"Article 160.- Retenue à la source sur les produits bruts perçus
par les personnes physiques ou morales non
résidentes
I.- La retenue à la source sur les produits bruts énumérés à l’article 15
ci-dessus, doit être opérée ",a_verifier
4234,Article 160 ter,Code Général des Impôts 2026,"Article 160 ter. - Retenue à la source sur les gains de jeux de
hasard par internet de source étrangère1153
Les établissements de crédit et organismes assimilés ou toute personne
qui verse ou intervient dans le paiement ",a_verifier
4235,Article 160 quater,Code Général des Impôts 2026,"Article 160 quater.- Retenue à la source sur les montants versés
suite au transfert de propriété d’immeubles et
droits réels immobiliers en exécution d’une
décision judiciaire 1154
Les personnes intervenant dans le paiem",a_verifier
4236,Article 161,Code Général des Impôts 2026,"Article 161.- Plus-values constatées ou réalisées en cours ou en
fin d'exploitation
I.- (abrogé)1155
II.- Les indemnités perçues en contrepartie de la cessation de
l'exercice de l'activité ou du transfert de la clientèle",a_verifier
4237,Article 161 bis,Code Général des Impôts 2026,"Article 161 bis.- Régime d’incitation fiscale aux opérations de
restructuration des groupes de sociétés et des
entreprises1165
I.- Les opérations de transfert des immobilisations corporelles,
incorporelles et financières",a_verifier
4238,Article 161 ter,Code Général des Impôts 2026,"Article 161 ter- Régime incitatif applicable aux opérations
d’apport du patrimoine1189 et aux opérations
d’apport des titres de capital à une société
holding1190
I.- Les personnes physiques exerçant à titre individuel, e",a_verifier
4239,Article 161 quater,Code Général des Impôts 2026,"Article 161 quater.- Régime incitatif applicable aux opérations
d’apport des éléments d’actif et de passif
des associations de microfinance à une
société anonyme1192
Nonobstant toutes dispositions contraires, les associa",a_verifier
4240,Article 161 quinquies,Code Général des Impôts 2026,"Article 161 quinquies.1193- Régime incitatif applicable aux
opérations d’apport des biens
immeubles à un O.P.C.I.
A- Par dérogation aux dispositions des articles 8, 33-II et 38-II ci-
dessus, les personnes morales soumis",a_verifier
4241,Article 162,Code Général des Impôts 2026,"Article 162.- Régime particulier des fusions des sociétés
I.- (abrogé)1194
II.-1195A-1196Sous réserve des conditions prévues ci-après et par
dérogation aux dispositions de l’article 9 ci-dessus, les sociétés fusionnées
o",a_verifier
4242,Article 163,Code Général des Impôts 2026,"Article 163.- Computation des délais et taux en vigueur
I.- Computation des délais
Pour la computation des délais prévus au présent code, le jour qui est le
point de départ du délai n’est pas compté. Le délai se termine ",a_verifier
4243,Article 164,Code Général des Impôts 2026,"Article 164.- Octroi des avantages fiscaux
I.- Pour bénéficier des exonérations prévues au présent code1203, les
entreprises doivent disposer de l’identifiant commun de l’entreprise prévu
à l’article 145-VIII ci-dessus12",a_verifier
4244,Article 164 bis,Code Général des Impôts 2026,"Article 164 bis- Traitement préférentiel1209
Peuvent bénéficier d’un traitement préférentiel, de leurs dossiers auprès
de l’administration fiscale, les contribuables catégorisés dans les
conditions fixées par voie réglem",a_verifier
4245,Article 165,Code Général des Impôts 2026,"Article 165.- (abrogé)1210
1206 Article 8 de la loi de finances n° 38-07 pour l’année budgétaire 2008
1207 Article 8 de la loi de finances n° 70-15 pour l’année budgétaire 2016
1208 Article 6 de la loi de finances n° 73-",a_verifier
4246,Article 166,Code Général des Impôts 2026,"Article 166.- Conditions et modalités de recouvrement
Le recouvrement des impôts, droits, taxes et autres créances dont le
receveur de l’administration fiscale est chargé en vertu des lois et
règlements en vigueur, est e",a_verifier
4247,Article 167,Code Général des Impôts 2026,"Article 167.- Arrondissement du montant de l’impôt
Le résultat fiscal, le revenu imposable, le chiffre d’affaires et les
sommes et valeurs servant de base au calcul de l’impôt ou de la taxe sont
arrondis à la dizaine de ",a_verifier
4248,Article 168,Code Général des Impôts 2026,"Article 168.- Privilège du Trésor
Pour le recouvrement des impôts, droits, taxes et autres créances, le
Trésor possède un privilège général sur les meubles et autres effets
mobiliers appartenant aux contribuables en quel",a_verifier
4249,Article 169,Code Général des Impôts 2026,"Article 169 – Télépaiement
I.- Les contribuables soumis à l’impôt peuvent effectuer auprès de
l’administration fiscale par procédés électroniques les versements prévus
par le présent code dans les conditions fixées par a",a_verifier
4250,Article 169 bis,Code Général des Impôts 2026,"Article 169 bis.1224 – Téléservices
Sont souscrits et délivrés par procédé électronique, les demandes,
attestations et autres services demandés par les contribuables au titre des
impôts, droits et taxes prévus par le pré",a_verifier
4251,Article 169 ter,Code Général des Impôts 2026,"Article 169 ter.1226 – Echange d’informations
L’administration fiscale peut procéder à l’échange d’informations avec
les autres administrations et organismes publics habilités par leur textes
législatifs et réglementaire",a_verifier
4252,Article 170,Code Général des Impôts 2026,"Article 170.- Recouvrement par paiement spontané
I.- L'impôt sur les sociétés donne lieu, au titre de l'exercice comptable
en cours, au versement par la société de quatre (4) acomptes
provisionnels dont chacun est égal à",a_verifier
4253,Article 171,Code Général des Impôts 2026,"Article 171.- Recouvrement par voie de retenue à la source
I.- A- l’impôt retenu à la source sur les produits visés aux articles 13,
14, 14 bis1236, 15, 15 bis1237 et 15 ter1238 ci-dessus, doit être versé dans le
mois su",a_verifier
4254,Article 172,Code Général des Impôts 2026,"Article 172.- Recouvrement par voie de rôle
Les sociétés sont imposées par voie de rôle :
- lorsqu'elles ne versent pas spontanément, au receveur de
l’administration fiscale du lieu de leur siège social ou de leur princi",a_verifier
4255,Article 173,Code Général des Impôts 2026,"Article 173.- Recouvrement par paiement spontané1243
I.- Est versé spontanément auprès du receveur de l’administration
fiscale :
- le montant de la cotisation minimale prévue à l’article 144-I ci-
dessus avant le 1er fév",a_verifier
4256,Article 174,Code Général des Impôts 2026,"Article 174.- Recouvrement par voie de retenue à la source1258
I.- Revenus salariaux et assimilés
Les retenues à la source prévues à l’article 1561259 ci-dessus afférentes
aux paiements effectués par les employeurs et dé",a_verifier
4257,Article 175,Code Général des Impôts 2026,"Article 175.- Recouvrement par voie de rôle et d’ordre de
recettes1273
I.- Les contribuables sont imposés par voie de rôle :
- (abrogé) 1274
- lorsqu'ils ne paient pas l’impôt spontanément, au receveur de
l’administratio",a_verifier
4258,Article 176,Code Général des Impôts 2026,"Article 176.- Recouvrement par paiement spontané
1º- Les contribuables imposés sous le régime de la déclaration
mensuelle doivent déposer avant le vingt (20) de chaque mois auprès du
receveur de l’administration fiscale,",a_verifier
4259,Article 177,Code Général des Impôts 2026,"Article 177.- Recouvrement par état de produits
La taxe sur la valeur ajoutée qui n'a pas été versée dans les conditions
édictées aux articles 110, 111 et 112 et 117 (IV et V)1284 ci-dessus ou celle
résultant de taxation",a_verifier
4260,Article 178,Code Général des Impôts 2026,"Article 178.- (abrogé)1287
CHAPITRE IV
RECOUVREMENT DES DROITS D’ENREGISTREMENT, DES DROITS DE
TIMBRE, DE LA TAXE SPECIALE ANNUELLE SUR LES VEHICULES 1288 ET
DE LA TAXE SUR LES CONTRATS D’ASSURANCES1289",a_verifier
4261,Article 179,Code Général des Impôts 2026,"Article 179.- Modes de recouvrement
I.- Recouvrement par ordre de recettes
Sous réserve des dispositions du II, III et IV1290 ci-après, les droits
d’enregistrement, de timbre, la taxe spéciale annuelle sur les véhicules ",a_verifier
4262,Article 180,Code Général des Impôts 2026,"Article 180.- Solidarité en matière d’impôt sur les sociétés
I.- En cas de cession portant sur un fonds de commerce ou sur
l'ensemble des biens figurant à l'actif d'une société, le cessionnaire peut
être tenu, au même ti",a_verifier
4263,Article 181,Code Général des Impôts 2026,"Article 181.- Solidarité en matière d’impôt sur le revenu au titre
des profits fonciers
I.- En cas de dissimulations reconnues par les parties au contrat, en
matière de profits immobiliers, le cessionnaire est solidairem",a_verifier
4264,Article 182,Code Général des Impôts 2026,"Article 182.- Solidarité en matière de taxe sur la valeur ajoutée
I.- La personne qui cesse d'être assujettie à la taxe sur la valeur ajoutée
pour quelque cause que ce soit, doit se conformer aux obligations édictées
à l",a_verifier
4265,Article 183,Code Général des Impôts 2026,"Article 183.- Solidarité en matière de droits d’enregistrement, de
droits de timbre, de taxe spéciale annuelle sur les
véhicules1312 et de la taxe sur les contrats
d’assurances1313
A.- Solidarité en matière de droits d’e",a_verifier
4266,Article 184,Code Général des Impôts 2026,"Article 184.- Sanctions pour défaut ou retard dans le dépôt des
déclarations fiscales1320 et des actes et conventions
Des majorations de 5%, 15% et 20% sont applicables en matière de
déclaration du résultat fiscal, des p",a_verifier
4267,Article 185,Code Général des Impôts 2026,"Article 185.- Sanctions pour infraction aux dispositions relatives
au droit de communication
I.1333- Une astreinte journalière de cinq cents (500) dirhams, dans la
limite de cinquante mille (50.000) dirhams, est appliqué",a_verifier
4268,Article 185 bis,Code Général des Impôts 2026,"Article 185 bis.- Sanctions pour non conservation de
documents1340
I.1341- Sans préjudice de l’application des sanctions prévues par le présent
code, une amende égale à cinquante mille (50.000) dirhams, par exercice,
est",a_verifier
4269,Article 186,Code Général des Impôts 2026,"Article 186.- Sanctions applicables en cas de rectification de la
base imposable
A.- Une majoration de 20%1343 est applicable :
1°- en cas de rectification du résultat bénéficiaire ou du chiffre
d'affaires d'un exercice ",a_verifier
4270,Article 187,Code Général des Impôts 2026,"Article 187.- Sanction pour fraude ou complicité de fraude
Une amende égale à 100% du montant de l'impôt éludé est applicable à
toute personne ayant participé aux manœuvres destinées à éluder le
paiement de l’impôt, assi",a_verifier
4271,Article 187 bis,Code Général des Impôts 2026,"Article 187 bis.1351- Sanctions pour infraction aux dispositions
relatives à la télédéclaration
Une majoration de 1% est applicable sur les droits dus ou qui auraient été
dus en l’absence d’exonération, en cas de non res",a_verifier
4272,Article 188,Code Général des Impôts 2026,"Article 188.- Sanction pour infraction en matière de déclaration
d’existence
Est passible d'une amende de mille (1.000) dirhams, le contribuable qui
ne dépose pas, dans le délai prescrit, la déclaration d'existence prévu",a_verifier
4273,Article 189,Code Général des Impôts 2026,"Article 189.- Sanction pour infraction en matière de déclaration
en cas de changement du lieu d’imposition
Est passible d'une amende de cinq cents (500) dirhams, tout contribuable
qui, n’avise pas l’administration fiscal",a_verifier
4274,Article 190,Code Général des Impôts 2026,"Article 190.- Sanction pour infraction aux dispositions relatives
à la vente en tournée
Une amende égale à 1% est applicable, par impôt, au montant de
l’opération effectuée par tout contribuable n’ayant pas observé les
d",a_verifier
4275,Article 191,Code Général des Impôts 2026,"Article 191.- Sanctions pour infraction aux dispositions relatives
au droit de contrôle et aux programmes de
logements sociaux et de logements de la classe
moyenne1353
I.- Une amende de deux mille (2.000) dirhams et, le ",a_verifier
4276,Article 191 bis,Code Général des Impôts 2026,"Article 191 bis.- Sanction pour infraction aux dispositions
relatives à la présentation des documents
comptables sur support électronique1360
Une amende égale à cinquante mille (50.000) dirhams, par exercice, est
applica",a_verifier
4277,Article 192,Code Général des Impôts 2026,"Article 192.- Sanctions pénales
I.- Indépendamment des sanctions fiscales édictées par le présent
code, est punie d'une amende de cinq mille (5.000) dirhams à cinquante
mille (50.000) dirhams, toute personne qui, en vue ",a_verifier
4278,Article 193,Code Général des Impôts 2026,"Article 193.- Sanction pour infraction aux dispositions relatives
au règlement des transactions
Indépendamment des autres sanctions fiscales, tout règlement d’une
transaction dont le montant est égal ou supérieur à vingt",a_verifier
4279,Article 194,Code Général des Impôts 2026,"Article 194.- Sanctions pour infraction en matière de déclaration
des rémunérations allouées à des tiers et des
produits de location1369
I.- Le contribuable encourt une majoration de 1370:
- 5% :
 dans le cas de dépôt d",a_verifier
4280,Article 195,Code Général des Impôts 2026,"Article 195.- Sanction pour infraction en matière de déclaration
des rémunérations versées à des personnes non
résidentes
Le contribuable encourt une majoration de1380 :
- 5% :
 dans le cas de dépôt de la déclaration pr",a_verifier
4281,Article 196,Code Général des Impôts 2026,"Article 196.- Sanction pour infraction en matière de revenus de
capitaux mobiliers
Le contribuable encourt une majoration de1382 :
- 5% :
 dans le cas de dépôt des déclarations prévues aux articles 152 et
153 ci-dessus,",a_verifier
4282,Article 197,Code Général des Impôts 2026,Article 197.- (abrogé)1384,a_verifier
4283,Article 198,Code Général des Impôts 2026,"Article 198.- Sanctions pour infraction aux dispositions relatives
à la retenue à la source
Sont personnellement redevables des sommes non versées :
 les personnes physiques ou morales et les établissements des
sociétés",a_verifier
4284,Article 198 bis,Code Général des Impôts 2026,"Article 198 bis.- Sanction pour défaut de présentation de l'état
explicatif de l’origine du déficit ou du résultat
nul déclaré1386
Lorsque le contribuable ne produit pas l'état explicatif de l’origine du
déficit ou du ré",a_verifier
4285,Article 198 ter,Code Général des Impôts 2026,"Article 198 ter.1387 - Sanctions pour défaut de mention de
l’identifiant commun de l’entreprise
Toute infraction aux dispositions de l’article 145-VIII ci-dessus est passible
d’une amende de cent (100) dirhams par omissi",a_verifier
4286,Article 199,Code Général des Impôts 2026,"Article 199.- Sanctions pour infraction aux obligations des
sociétés à prépondérance immobilière
Une amende de dix mille (10.000) dirhams est applicable aux sociétés à
prépondérance immobilière, telles que définies à l'a",a_verifier
4287,Article 199 bis,Code Général des Impôts 2026,"Article 199 bis.1388 - Sanction pour défaut de dépôt ou de dépôt
incomplet de la déclaration pays par pays
Lorsque le contribuable ne produit pas la déclaration pays par pays
prévue à l’article 154 ter ci-dessus ou produ",a_verifier
4288,Article 200,Code Général des Impôts 2026,"Article 200.- Sanctions pour infraction aux dispositions relatives
à la déclaration des traitements et salaires, de
pensions et de rentes viagères
I.- Lorsque les versements prévus à l’article 174 ci-dessus sont
effectué",a_verifier
4289,Article 201,Code Général des Impôts 2026,"Article 201.- Sanction pour infraction aux dispositions relatives
à la déclaration d’identité fiscale
Une amende de cinq cents (500) dirhams est applicable aux contribuables
passibles de l'impôt sur le revenu au titre de",a_verifier
4290,Article 202,Code Général des Impôts 2026,Article 202.- (abrogé)1393,a_verifier
4291,Article 203,Code Général des Impôts 2026,"Article 203.- Sanction pour infraction aux déclarations relatives
aux intérêts versés aux non-résidents
Lorsque les établissements de crédit et organismes assimilés n’ont pas
déposé ou ont déposé hors délai la déclaratio",a_verifier
4292,Article 203 bis,Code Général des Impôts 2026,"Article 203 bis.- Sanctions pour infraction aux dispositions
relatives à la déclaration des revenus
fonciers soumis à l’impôt par voie de retenue
à la source1394
Les personnes visées à l’article 160 bis ci-dessus qui n’o",a_verifier
4293,Article 203 ter,Code Général des Impôts 2026,"Article 203 ter.- Sanctions pour infraction aux dispositions
relatives à la déclaration des gains de jeux de
hasard par internet de source étrangère1395
Les personnes visées à l’article 160 ter ci-dessus qui n’ont pas so",a_verifier
4294,Article 204,Code Général des Impôts 2026,"Article 204.- Sanctions pour infraction aux obligations de
déclaration
I.- Lorsque la déclaration visée aux articles 110 et 111 ci-dessus est
déposée en dehors des délais prescrits, mais ne comportant pas de taxe
1394 Ar",a_verifier
4295,Article 204 bis,Code Général des Impôts 2026,"Article 204 bis. - Sanction pour infraction au délai du droit à
déduction1399
Lorsque le droit à déduction n’est pas exercé dans le délai d’une année
prévu à l’article 101-3° ci-dessus, le contribuable est passible d’une",a_verifier
4296,Article 205,Code Général des Impôts 2026,"Article 205.- Sanctions pour non respect des conditions
d’exonération ou de réduction des droits
d’enregistrement
I.- Une majoration de 15% est applicable aux contribuables en cas de
défaut de réalisation, dans les délai",a_verifier
4297,Article 206,Code Général des Impôts 2026,"Article 206.- Sanctions pour fraude en matière de donation
Lorsque dans l’acte de donation entre vifs, visés à l’article 133 (I- C- 4°)
ci-dessus le lien de parenté entre le donateur et les donataires a été
inexactement ",a_verifier
4298,Article 206 bis,Code Général des Impôts 2026,"Article 206 bis.- Sanctions applicables aux personnes
accomplissant la formalité de
l’enregistrement par procédé
électronique1405
Une amende de mille (1000) dirhams est appliquée aux personnes
accomplissant la formalité ",a_verifier
4299,Article 207,Code Général des Impôts 2026,"Article 207.- Sanctions applicables aux notaires
Une amende de cent (100) dirhams est applicable au notaire en cas de
délivrance d’une expédition qui ne porte pas copie de la quittance des
droits par une transcription li",a_verifier
4300,Article 207 bis,Code Général des Impôts 2026,"Article 207 bis.- Sanctions pour infraction aux modes de
paiement des droits de timbre
I.- Toute infraction aux dispositions du livre III-titre premier du présent
code est passible, à défaut de pénalité spécifique, d’une",a_verifier
4301,Article 207 ter,Code Général des Impôts 2026,"Article 207 ter.- Sanctions pour infractions en matière de la taxe
sur les contrats d’assurances
Toute infraction aux dispositions du titre V du livre III du présent code est
passible des pénalités, amendes et majoration",a_verifier
4302,Article 208,Code Général des Impôts 2026,"Article 208.- Sanctions pour paiement tardif des impôts, droits et
taxes
I.- Une pénalité de 10% et une majoration de 5% pour le premier mois
de retard et de 0,50% par mois ou fraction de mois supplémentaire est
applicab",a_verifier
4303,Article 208 bis,Code Général des Impôts 2026,"Article 208 bis.1416 - Sanctions pour infraction aux dispositions
relatives au télépaiement
Une majoration de 1% est applicable sur les droits dus ou qui auraient été
dus en l’absence d’exonération, en cas de non respect",a_verifier
4304,Article 209,Code Général des Impôts 2026,"Article 209.- Exigibilité des sanctions
Les sanctions prévues à la troisième partie du présent code sont émises
par voie de rôle, d’état de produit ou d’ordre de recettes et sont
immédiatement exigibles, sans procédure.
",a_verifier
4305,Article 210,Code Général des Impôts 2026,"Article 210.- Droit de contrôle
L’administration fiscale contrôle les déclarations et les actes utilisés pour
l’établissement des impôts, droits et taxes.
A cette fin, les contribuables, personnes physiques ou morales, s",a_verifier
4306,Article 211,Code Général des Impôts 2026,"Article 211.- Conservation des documents comptables
Les contribuables ainsi que les personnes physiques ou morales chargés
d’opérer la retenue de l’impôt à la source sont tenus de conserver pendant
dix (10) ans au lieu o",a_verifier
4307,Article 212,Code Général des Impôts 2026,"Article 212.- Vérification de comptabilité
I.- En cas de vérification de comptabilité par l’administration au titre
d’un impôt ou taxe déterminé, il est notifié au contribuable un avis de
vérification, dans les formes pr",a_verifier
4308,Article 212 bis,Code Général des Impôts 2026,Article 212 bis.- (abrogé)1442,a_verifier
4309,Article 213,Code Général des Impôts 2026,"Article 213.- Pouvoir d’appréciation de l’administration
I.- Lorsque les écritures d'un exercice comptable ou d’une période
d’imposition présentent des irrégularités graves de nature à mettre en
cause la valeur probante ",a_verifier
4310,Article 214,Code Général des Impôts 2026,"Article 214.- Droit de communication et échange d’informations
I. Nonobstant toute disposition contraire1447, et pour permettre de
relever tout renseignement utile en vue de l'assiette et du contrôle des
impôts, droits e",a_verifier
4311,Article 215,Code Général des Impôts 2026,"Article 215.- Contrôle de la consistance des biens en matière de
revenus agricoles
I.- L'inspecteur des impôts peut visiter les exploitations agricoles en
vue du contrôle de la consistance des biens agricoles.
Dans ce ca",a_verifier
4312,Article 216,Code Général des Impôts 2026,"Article 216.- Examen de l'ensemble de la situation fiscale des
personnes physiques1465
I.- L’administration procède à l’examen de l'ensemble de la situation
fiscale des personnes physiques, afin de vérifier la cohérence ",a_verifier
4313,Article 217,Code Général des Impôts 2026,"Article 217.- Contrôle des prix ou déclarations estimatives
Les prix ou les déclarations estimatives, exprimés dans les actes et
conventions peuvent faire l'objet de rectification de la part de l’inspecteur
des impôts ch",a_verifier
4314,Article 218,Code Général des Impôts 2026,"Article 218.- Droit de préemption au profit de l’Etat
I.- Le droit de préemption prévu à l’article 143 ci-dessus s'exerce
pendant un délai franc de six (6) mois à compter du jour de
l'enregistrement, le délai n'étant cep",a_verifier
4315,Article 219,Code Général des Impôts 2026,"Article 219.- Formes de notification
I.1492-La notification est effectuée à l'adresse indiquée par le
contribuable dans ses déclarations, actes ou correspondances
communiqués à l'inspecteur des impôts de son lieu d'impos",a_verifier
4316,Article 220,Code Général des Impôts 2026,"Article 220.- Procédure normale de rectification des impositions
I.- L’administration1496 peut être amenée à rectifier :
- les bases d'imposition ;
- les montants des retenues en matière de revenus salariaux ;
- les prix",a_verifier
4317,Article 221,Code Général des Impôts 2026,"Article 221.- Procédure accélérée de rectification des impositions
I.- L’administration1522 peut être amenée à rectifier en matière d’impôt
sur les sociétés, d’impôt sur le revenu et de taxe sur la valeur ajoutée :
- le ",a_verifier
4318,Article 221 bis,Code Général des Impôts 2026,"Article 221 bis.1547 - Procédures de dépôt de la déclaration
rectificative
I.- Lorsque l’administration constate des erreurs matérielles dans les
déclarations souscrites, elle invite le contribuable par lettre notifiée,
",a_verifier
4319,Article 221 ter,Code Général des Impôts 2026,"Article 221 ter.- Procédure de conclusion d’un accord à
l’amiable1553
I.- Au cours des procédures fiscales, le contribuable peut conclure un
accord à l’amiable avec l’administration. Cet accord porte sur des
questions de",a_verifier
4320,Article 222,Code Général des Impôts 2026,"Article 222.- Régularisation de l’impôt retenu à la source
A.- L’administration1554 peut être amenée à apporter des
rectifications au montant de l’impôt retenu à la source, que celui-ci résulte
d’une déclaration ou d’une",a_verifier
4321,Article 223,Code Général des Impôts 2026,"Article 223.- Rectification en cas d'impôt retenu à la source au
titre des revenus salariaux et assimilés
Les erreurs, omissions et insuffisances relatives à l'impôt retenu à la
source par l'employeur ou le débirentier, ",a_verifier
4322,Article 224,Code Général des Impôts 2026,"Article 224.- Rectification en matière de profits fonciers
Sous réserve des dispositions du dernier alinéa de l’article 234 quinquies
ci-dessous1565, en matière de profits fonciers, lorsqu’au vu de la
déclaration du cont",a_verifier
4323,Article 225,Code Général des Impôts 2026,"Article 225.- Les commissions locales de taxation
I.- Des commissions locales de taxation sont instituées par
l'administration qui en fixe le siège et le ressort.
Ces commissions connaissent des réclamations sous forme d",a_verifier
4324,Article 225 bis,Code Général des Impôts 2026,"Article 225 bis.- Les commissions régionales du recours fiscal1600
I.- Sont instituées des commissions régionales du recours fiscal. Le
nombre, le siège et le ressort desdites commissions sont fixés par voie
réglementair",a_verifier
4325,Article 226,Code Général des Impôts 2026,"Article 226.- La commission nationale du recours fiscal
I.- Il est institué une commission permanente dite ""commission
nationale du recours fiscal"" à laquelle sont adressés les recours
relatifs1601 :
- à l’examen de l’en",a_verifier
4326,Article 226 bis,Code Général des Impôts 2026,"Article 226 bis.- (abrogé) 1637
1633 Article 8 de la loi de finances n° 70-15 pour l’année budgétaire 2016
1634 Article 7 de la loi de finances n° 40-08 pour l’année budgétaire 2009
1635 Article 8 de la loi de finances n",a_verifier
4327,Article 227,Code Général des Impôts 2026,"Article 227.- Recours contre les décisions de la commission
locale communale
Les décisions de la commission locale communale prévue à l’article 50 ci-
dessus peuvent faire l'objet d'un recours devant la commission nation",a_verifier
4328,Article 228,Code Général des Impôts 2026,"Article 228.- Taxation d’office pour défaut de déclaration ou de
présentation d’actes et de conventions1638
I. - Lorsque le contribuable :
1°- ne produit pas dans les délais prescrits :
- la déclaration du résultat fisca",a_verifier
4329,Article 228 bis,Code Général des Impôts 2026,"Article 228 bis.1651- Suspension de la procédure de taxation
d’office des entreprises inactives
Les entreprises n’ayant respecté aucune obligation de déclaration et de
paiement des impôts prévus par le présent code, au t",a_verifier
4330,Article 229,Code Général des Impôts 2026,"Article 229.- Taxation d’office pour infraction aux dispositions
relatives à la présentation des documents
comptables et au droit de contrôle
Lorsqu'un contribuable ne présente pas les documents comptables visés,
selon l",a_verifier
4331,Article 229 bis,Code Général des Impôts 2026,Article 229 bis.-(abrogé)1652,a_verifier
4332,Article 230,Code Général des Impôts 2026,"Article 230.- Procédure pour l’application des sanctions pour
infraction au droit de communication
Pour l’application des sanctions prévues à l’article 191-I ci-dessus,
l’administration engage la procédure prévue à l’art",a_verifier
4333,Article 230 ter,Code Général des Impôts 2026,"Article 230 ter- Procédure pour l’application des sanctions pour
défaut de déclaration ou déclaration incomplète
au titre des traitements et salaires, des pensions
et autres prestations servies sous forme de
capital ou d",a_verifier
4334,Article 230 quater,Code Général des Impôts 2026,"Article 230 quater- Procédure pour l’application des sanctions
pour défaut de présentation des documents
comptables sur support électronique1658
Lorsque les contribuables visés au 3ème alinéa de l’article 210 ci-dessus,
",a_verifier
4335,Article 231,Code Général des Impôts 2026,"Article 231.- Procédure pour l’application des sanctions pénales
aux infractions fiscales
Les infractions prévues à l’article 192 ci-dessus sont constatées par
procès-verbal établi par deux agents de l'administration fis",a_verifier
4336,Article 232,Code Général des Impôts 2026,"Article 232.- Dispositions générales relatives aux délais de
prescription
I.- Peuvent être réparées par l'administration :
1659 Article 6 de la loi de finances n° 65-20 pour l’année budgétaire 2021
1660 Article 6 de la l",a_verifier
4337,Article 233,Code Général des Impôts 2026,"Article 233.- Dispositions relatives aux dépôts en dirhams des
non résidents
Lorsque les dépôts en dirhams visés à l’article 45 ci-dessus se rapportent
à une période supérieure au délai prévu à l’article 232-II ci-dessus",a_verifier
4338,Article 234,Code Général des Impôts 2026,"Article 234.- Dispositions relatives à la demande des droits
I.- Sont prescrites après dix (10) ans à compter de la date des actes
concernés, les demandes des droits d’enregistrement et de timbre1702, de
la pénalité et d",a_verifier
4339,Article 234 bis,Code Général des Impôts 2026,"Article 234 bis- Champ d’application de l’accord1705
Les entreprises ayant directement ou indirectement des liens de
dépendance avec des entreprises situées hors du Maroc, peuvent demander
à l’administration fiscale de c",a_verifier
4340,Article 234 ter,Code Général des Impôts 2026,"Article 234 ter- Garanties et nullité de l’accord1706
L’administration ne peut remettre en cause la méthode de détermination des
prix des opérations mentionnées à l’article 214-III ci-dessus ayant fait
l’objet d’un accor",a_verifier
4341,Article 234 quater,Code Général des Impôts 2026,"Article 234 quater.- Champ d’application de la demande de
consultation fiscale préalable1707
Les contribuables peuvent demander à l’administration fiscale de statuer
sur le régime fiscal applicable à leur situation de fa",a_verifier
4342,Article 234 quinquies,Code Général des Impôts 2026,"Article 234 quinquies.1711- Demande d’avis préalable de
l’administration en matière
d’impôt sur le revenu au titre des
profits fonciers
Les contribuables soumis à l’impôt sur le revenu au titre des profits
fonciers peuve",a_verifier
4343,Article 235,Code Général des Impôts 2026,"Article 235.- Droit et délai de réclamation
Les contribuables qui contestent tout ou partie du montant des impôts,
droits et taxes mis à leur charge doivent adresser, au directeur général
des impôts ou à la personne délé",a_verifier
4344,Article 236,Code Général des Impôts 2026,"Article 236.- Dégrèvements, remises et modérations
1°- Le ministre chargé des finances ou la personne déléguée par lui à
cet effet doit prononcer, dans le délai de prescription prévu à l'article 232
ci-dessus, le dégrève",a_verifier
4345,Article 237,Code Général des Impôts 2026,"Article 237.- Compensation
Lorsqu'un contribuable demande la décharge, la réduction, la restitution
du montant d'une imposition ou le remboursement de la taxe,
l'administration peut, au cours de l'instruction de cette de",a_verifier
4346,Article 238,Code Général des Impôts 2026,"Article 238.- Délai de réclamation pour perte de récoltes
Les réclamations pour pertes de récoltes doivent être présentées à
l'inspecteur des impôts dont dépendent les exploitations dans les trente
(30) jours suivant la ",a_verifier
4347,Article 239,Code Général des Impôts 2026,"Article 239.- Délai de dégrèvement pour perte de loyer
En cas de perte de loyers, établie par le contribuable par tout moyen de
preuve dont il dispose, l'intéressé peut obtenir la réduction ou décharge
de l'impôt afféren",a_verifier
4348,Article 240,Code Général des Impôts 2026,"Article 240.- Restitution en matière de taxe sur la valeur ajoutée
La demande en restitution des contribuables est prescrite à l'expiration de
la quatrième année qui suit celle au titre de laquelle l'imposition, objet de",a_verifier
4349,Article 241,Code Général des Impôts 2026,"Article 241.- Restitution en matière de droits d’enregistrement
et de taxe sur les contrats d’assurances1714
I.- Les demandes en restitution de droits indûment perçus sont
recevables dans un délai de quatre (4) ans à com",a_verifier
4350,Article 241 bis,Code Général des Impôts 2026,"Article 241 bis.- Restitution en matière d’impôt sur le revenu1716
I.- Restitution en matière d’impôt retenu à la source
Lorsque le montant des retenues effectuées à la source et versées au
Trésor par les personnes1717 v",a_verifier
4351,Article 242,Code Général des Impôts 2026,"Article 242.- Procédure judiciaire suite au contrôle fiscal
Les décisions1724 des commissions locales de taxation, celles des
commissions régionales du recours fiscal1725 ou celles de la commission
nationale du recours f",a_verifier
4352,Article 243,Code Général des Impôts 2026,"Article 243.- Procédure judiciaire suite à réclamation
Si le contribuable n'accepte pas la décision rendue par l’administration
suite à l’instruction de sa réclamation, il peut saisir le tribunal compétent
dans le délai ",a_verifier
4353,Article 244,Code Général des Impôts 2026,"Article 244.- Représentation de la direction générale des impôts
Nonobstant toutes dispositions contraires :
- la direction générale des impôts est valablement représentée en
justice en tant que demandeur ou défendeur pa",a_verifier
4354,Article 245,Code Général des Impôts 2026,"Article 245.- Computation des délais
Les délais relatifs aux procédures prévues par le présent code sont des
délais francs : le premier jour du délai et le jour de l’échéance n’entrent
pas en ligne de compte.
Lorsque les",a_verifier
4355,Article 246,Code Général des Impôts 2026,"Article 246.- Secret professionnel
I.- Toutes les personnes appelées à l'occasion de leurs fonctions ou
attributions à intervenir dans l'établissement, le contrôle, la perception ou
le contentieux des impôts, droits et t",a_verifier
4356,Article 247,Code Général des Impôts 2026,"Article 247.- Dates d’effet et dispositions transitoires
I.- Les dispositions du présent code général des impôts sont
applicables à compter du 1er janvier 2007.
II.- Les dispositions de l’article 20-III ci-dessus sont ap",a_verifier
4357,Article 247 ter,Code Général des Impôts 2026,"Article 247 ter- Encouragement du paiement mobile1823
I- A titre transitoire, le montant du chiffre d’affaires réalisé par
paiement mobile n’est pas pris en compte pour la détermination :
- de la base imposable de l’impô",a_verifier
4358,Article 248,Code Général des Impôts 2026,"Article 248.- Abrogations
I- Sont abrogées à compter du 1er janvier 2007, les
dispositions :
1°- du livre des procédures fiscales institué par la loi de finances n°
26-04 pour l’année budgétaire 2005, tel qu’il a été mod",a_verifier
4359,Article 249,Code Général des Impôts 2026,"Article 249.- Actes, documents et écrits imposables
Sont soumis aux droits de timbre :
a) les actes et conventions assujettis à la formalité de
l’enregistrement visés à l’article 127 ci-dessus1826;
b) les actes, document",a_verifier
4360,Article 250,Code Général des Impôts 2026,"Article 250.- Exonérations
Sont exonérés des droits de timbre, les actes et écrits exonérés des droits
d’enregistrement en vertu de l’article 129 du présent code, ainsi que les
actes et écrits ci-après :
I.- Actes établi",a_verifier
4361,Article 251,Code Général des Impôts 2026,"Article 251.- Liquidation
Le droit de timbre sur les annonces publicitaires sur écran est liquidé sur :
1°- Le montant brut du prix de la projection versé aux exploitants des salles
de spectacles cinématographiques ;
2°-",a_verifier
4362,Article 252,Code Général des Impôts 2026,"Article 252.- Tarif des droits
I.- Droits proportionnels
A.- Sont soumis au taux de 5% :
- les annonces publicitaires sur écran, quel que soit leur forme et leur
mode.
B.- Sont soumis au taux de 0,25%, les quittances pur",a_verifier
4363,Article 253,Code Général des Impôts 2026,"Article 253.- Oblitération des timbres mobiles
I.- Chaque timbre mobile doit être oblitéré au moment même de son
apposition sur l’acte, le document ou l’écrit assujetti.
L'oblitération consiste dans l'inscription à l'enc",a_verifier
4364,Article 254,Code Général des Impôts 2026,"Article 254.- Déclaration des exploitants de salles de spectacles
cinématographiques1864, des organismes chargés de
la gestion ou de la vente des espaces publicitaires
sur écran 1865 et autres entreprises1866
I.1867-Les ",a_verifier
4365,Article 255,Code Général des Impôts 2026,"Article 255.- Présentation des connaissements
Les capitaines de navires sont tenus de présenter aux agents de
l’administration fiscale et des douanes soit à l'entrée, soit à la sortie, les
connaissements dont ils doivent",a_verifier
4366,Article 256,Code Général des Impôts 2026,"Article 256.- Obligations communes
I.- Il est prescrit aux secrétaires-greffiers de ne pas agir, aux magistrats
de ne prononcer aucune décision, aux administrations centrales et locales
de ne prendre aucun arrêté, ni auc",a_verifier
4367,Article 257,Code Général des Impôts 2026,"Article 257.- Agents verbalisateurs
Les contraventions en matière de droits de timbre sont constatées par
procès-verbal dressé par les agents de l’administration fiscale et ceux de
l’administration des douanes.",a_verifier
4368,Article 258,Code Général des Impôts 2026,"Article 258.- Contrôle et contentieux
Les modalités de contrôle, de contentieux, de prescription et de
recouvrement des droits de timbre sont les mêmes qu’en matière de droits
d’enregistrement.
Toutefois, le contrôle et ",a_verifier
4369,Article 259,Code Général des Impôts 2026,"Article 259.- Véhicules imposables1871
Sont soumis à la taxe spéciale annuelle sur les véhicules, les véhicules
automobiles, circulant sur la voie publique sans être liés à une voie ferrée
et servant au transport de pers",a_verifier
4370,Article 260,Code Général des Impôts 2026,"Article 260.- Exonérations
Sont exonérés de la taxe :
1°- les véhicules destinés au transport en commun des personnes
dont le poids total en charge ou le poids total maximum en charge tracté
est inférieur ou égal à 3.000",a_verifier
4371,Article 260 bis,Code Général des Impôts 2026,"Article 260 bis.- Exonérations temporaires1885
Sont exonérés de la taxe, les véhicules dont le poids total en charge ou le
poids total maximum en charge tracté est supérieur à 3.000 kilos, en état
d'arrêt pour une périod",a_verifier
4372,Article 261,Code Général des Impôts 2026,"Article 261.- Délai d’imposition
I.1886- La période d’imposition s’étend du 1er janvier au 31 décembre de
chaque année et la taxe doit être payée au mois de janvier de chaque
année d’imposition, sous peine des sanctions ",a_verifier
4373,Article 262,Code Général des Impôts 2026,"Article 262.- Tarif
Le tarif de la taxe est fixé comme indiqué ci-après :
I.-A- Pour les véhicules dont le poids total en charge ou le poids total
maximum en charge tracté est inférieur ou égal à 3.000 kilos 1892 ainsi q",a_verifier
4374,Article 263,Code Général des Impôts 2026,"Article 263.- Obligations des propriétaires des véhicules
Aucune mutation de véhicule passible de la taxe spéciale annuelle sur les
véhicules1900 ne pourra être effectuée au nom du cessionnaire, s’il n’est
justifié, au p",a_verifier
4375,Article 264,Code Général des Impôts 2026,"Article 264.- Obligations des agents de la sûreté nationale1903
Les agents de la sûreté nationale1904 doivent s'assurer que tout véhicule
quittant le territoire national a acquitté la taxe spéciale annuelle sur les
véhic",a_verifier
4376,Article 265,Code Général des Impôts 2026,"Article 265.- Agents compétents pour constater les infractions
Sont spécialement chargés de constater les infractions au présent titre,
les agents de l’administration fiscale dûment commissionnés.
Les insuffisances total",a_verifier
4377,Article 266,Code Général des Impôts 2026,"Article 266.- Modalités d’application
Le paiement de la taxe est constaté au moyen de la délivrance d’une
quittance1909 selon les modalités fixées par voie réglementaire.
1903 Article 8 de la loi de finances n° 70-15 pou",a_verifier
4378,Article 267,Code Général des Impôts 2026,"Article 267.- Personnes imposables
Il est institué, une contribution sociale de solidarité sur les bénéfices et
les revenus mise à la charge :
- des sociétés telles que définies à l’article 2-III ci-dessus, à
l’exclusion",a_verifier
4379,Article 268,Code Général des Impôts 2026,"Article 268.- Liquidation
Pour les sociétés, la contribution précitée est calculée sur la base du même
montant du bénéfice net1911 servant pour le calcul de l'impôt sur les
sociétés et qui est égal ou supérieur à un mill",a_verifier
4380,Article 269,Code Général des Impôts 2026,"Article 269.- Taux
La contribution précitée est calculée selon les taux proportionnels ci-
après:
Montant du bénéfice ou du revenu soumis Taux de la
à la contribution (en dirhams) contribution
D’un million à moins de 5 m",a_verifier
4381,Article 270,Code Général des Impôts 2026,"Article 270.- Obligations de déclaration
Les sociétés visées à l’article 267 ci-dessus doivent souscrire une
déclaration, par procédé électronique, selon un modèle établi par
l’administration, précisant le montant du bén",a_verifier
4382,Article 271,Code Général des Impôts 2026,"Article 271.- Obligations de versement
Les sociétés et les personnes physiques visées à l’article 267 ci-dessus
doivent verser spontanément le montant de la contribution, en même
temps que la déclaration visée à l’articl",a_verifier
4383,Article 272,Code Général des Impôts 2026,"Article 272.-Recouvrement, contrôle, contentieux, sanctions et
prescription
Les dispositions relatives au recouvrement, au contrôle, au contentieux,
aux sanctions et à la prescription, prévues dans le présent code en mat",a_verifier
4384,Article 273,Code Général des Impôts 2026,"Article 273.- Durée d’application
La contribution sociale de solidarité sur les bénéfices et les revenus
s’applique au titre des années 2022 à 20281914.
1914 Articles 6 et 7 des lois de finances respectives n° 50-22 et n",a_verifier
4385,Article 274,Code Général des Impôts 2026,"Article 274.- Personnes imposables
Il est institué une contribution sociale de solidarité sur les livraisons à soi-
même de construction d’habitation personnelle, effectuées par :
1°.-les personnes physiques qui édifient",a_verifier
4386,Article 275,Code Général des Impôts 2026,"Article 275.- Liquidation et tarifs
Le montant de la contribution sociale de solidarité sur les livraisons à soi-
même de construction d’habitation personnelle est déterminé selon un
barème proportionnel fixé, par unité ",a_verifier
4387,Article 276,Code Général des Impôts 2026,"Article 276.-(abrogé)1917
Chapitre III
Obligations",a_verifier
4388,Article 277,Code Général des Impôts 2026,"Article 277.1918- Obligations de déclaration
I.- La déclaration du coût de construction
Les personnes visées à l’article 274 ci-dessus, à l’exception des personnes
physiques qui édifient pour leur compte des construction",a_verifier
4389,Article 278,Code Général des Impôts 2026,"Article 278.- Obligations de versement
Le montant de la contribution sociale de solidarité sur les livraisons à soi-
même de construction d’habitation personnelle doit être versé
spontanément auprès du receveur de l’admi",a_verifier
4390,Article 279,Code Général des Impôts 2026,"Article 279.- Recouvrement, contrôle, contentieux, sanctions et
prescription
Les dispositions relatives au recouvrement, au contrôle, au contentieux,
aux sanctions et à la prescription, prévues dans le présent code
s’app",a_verifier
4391,Article 280,Code Général des Impôts 2026,"Article 280.- Actes assujettis
Les contrats d'assurances passés par les entreprises d'assurances et de
réassurance ainsi que tous actes ayant exclusivement pour objet la
formation, la modification ou la résiliation amiab",a_verifier
4392,Article 281,Code Général des Impôts 2026,"Article 281.- Actes non assujettis
La taxe n'est pas exigible sur :
1°- les contrats d'assurances sur la vie ou de rentes viagères souscrits
par des personnes n'ayant au Maroc ni domicile ni résidence habituelle ;
2°- to",a_verifier
4393,Article 282,Code Général des Impôts 2026,"Article 282.- Exonérations
Sont exonérés de la taxe :
1°- les contrats d’assurances contre les risques résultant d'accidents ou
de maladies survenus par le fait ou à l'occasion du travail, régis par la loi
n° 18-12 relat",a_verifier
4394,Article 283,Code Général des Impôts 2026,"Article 283.- Assiette et liquidation de la taxe sur les contrats
d’assurances
A- La taxe est établie sur le montant des primes, surprimes ou cotisations.
B- La taxe est liquidée, pour chacune des catégories de contrats ",a_verifier
4395,Article 284,Code Général des Impôts 2026,"Article 284.- Tarif de la taxe
Le tarif de la taxe sur les contrats d’assurances est fixé comme suit :
1°- Sont soumises à la taxe, au taux de 7%, les opérations d'assurances
des corps de navires et les opérations d'assu",a_verifier
4396,Article 285,Code Général des Impôts 2026,"Article 285 – Déclaration de liquidation de la taxe sur les contrats
d’assurances
A l’appui du versement prévu à l’article 179-IV-3° ci-dessus, les
redevables de la taxe doivent produire par procédé électronique :
 une ",a_verifier
4397,Article 286,Code Général des Impôts 2026,"Article 286 - Les modalités d'application
Les modalités d'application de la taxe sur les contrats d’assurances,
notamment en ce qui concerne la comptabilité à tenir par les entreprises
d’assurances et de réassurance, les",a_verifier
4398,Article 287,Code Général des Impôts 2026,"Article 287 – Contrôle et contentieux
Les modalités de contrôle et de contentieux de la taxe sur les contrats
d’assurances sont celles prévues par le présent code.
523
CODE GÉNÉRAL DES IMPÔTS
TITRE VI
TAXE AERIENNE POUR ",a_verifier
4399,Article 288,Code Général des Impôts 2026,"Article 288.- Personnes assujetties à la taxe
Il est appliqué une taxe aérienne pour la solidarité et la promotion
touristique sur les billets d’avion, quelle qu’en soit la forme, supportée par
les voyageurs en plus du p",a_verifier
4400,Article 289,Code Général des Impôts 2026,"Article 289.- Exonérations
Sont exonérés du paiement de cette taxe :
1) le personnel dont la présence à bord est directement liée au vol
considéré, notamment les membres de l’équipage responsables du
vol, les agents de s",a_verifier
4401,Article 290,Code Général des Impôts 2026,"Article 290.- Tarif de la taxe
Le tarif de la taxe est fixé à cent (100) dirhams pour les billets de la classe
économique et quatre cents (400) dirhams pour la première classe/classe
affaires.
Chapitre III
Obligations",a_verifier
4402,Article 291,Code Général des Impôts 2026,"Article 291.- Obligations de déclaration et de versement
Les sociétés de transport aérien sont redevables auprès de l’Etat au titre
de cette taxe et sont tenues de la recouvrer auprès de leurs clients et d’en
verser le p",a_verifier
4403,Article 292,Code Général des Impôts 2026,"Article 292.- Recouvrement, contrôle, contentieux, sanctions et
prescription
Les dispositions relatives au recouvrement, au contrôle, au contentieux,
aux sanctions et à la prescription, prévues dans le présent code en ma",a_verifier
4404,Article 293,Code Général des Impôts 2026,"Article 293.- Opérations taxables
Il est appliqué une taxe spéciale sur le ciment produit localement ou à
l'importation.
L’application de la taxe spéciale sur le ciment à l’importation incombe à
l’administration des doua",a_verifier
4405,Article 294,Code Général des Impôts 2026,"Article 294.- Liquidation
La taxe appliquée au ciment produit localement est liquidée par les
entreprises de production du ciment sur la base des quantités de ciment
vendues et celles utilisées pour leur consommation int",a_verifier
4406,Article 295,Code Général des Impôts 2026,"Article 295.- Taux de la taxe
Le taux de la taxe est fixé à 0,15 dirham par kilogramme de ciment.
Chapitre III
Obligations",a_verifier
4407,Article 296,Code Général des Impôts 2026,"Article 296.- Obligations de déclaration et de versement
Les entreprises de production du ciment sont tenues de souscrire
spontanément, auprès de l’administration fiscale, par procédé
électronique, une déclaration selon ",a_verifier
4408,Article 297,Code Général des Impôts 2026,"Article 297.- Recouvrement, contrôle, contentieux, sanctions et
prescription
Les dispositions relatives au recouvrement, au contrôle, au contentieux,
aux sanctions et à la prescription, prévues dans le présent code,
s’ap",a_verifier
4409,Article 298,Code Général des Impôts 2026,"Article 298.- Personnes imposables
Il est institué une contribution sociale de solidarité sur les bénéfices mise
à la charge des personnes qui versent des gains de jeux de hasard.
Chapitre II
Liquidation et taux",a_verifier
4410,Article 299,Code Général des Impôts 2026,"Article 299.- Liquidation
La contribution précitée est calculée sur la base du même montant du
bénéfice net servant pour le calcul de l’impôt sur les sociétés ou l’impôt
sur le revenu selon le régime du résultat net réel",a_verifier
4411,Article 300,Code Général des Impôts 2026,"Article 300.- Taux
La contribution précitée est calculée selon le taux de 2%.
Chapitre III
Obligations",a_verifier
4412,Article 301,Code Général des Impôts 2026,"Article 301.- Obligations de déclaration
Les personnes visées à l’article 298 ci-dessus doivent souscrire une
déclaration, par procédé électronique, selon un modèle établi par
l’administration, précisant le montant du bé",a_verifier
4413,Article 302,Code Général des Impôts 2026,"Article 302.- Obligations de versement
Les personnes visées à l’article 298 ci-dessus doivent verser
spontanément le montant de la contribution, en même temps que la
souscription de la déclaration visée à l’article 301 c",a_verifier
4414,Article 303,Code Général des Impôts 2026,"Article 303.- Recouvrement, contrôle, contentieux, sanctions et
prescription
Les dispositions relatives au recouvrement, au contrôle, au contentieux,
aux sanctions et à la prescription, prévues dans le présent code, en
m",a_verifier
4415,Article 7 bis,Code Général des Impôts 2026,"Article 7 bis
Exonérations en faveur du logement social
Sont exonérés de la taxe spéciale sur le ciment et des droits d’inscription
sur les titres fonciers, les promoteurs immobiliers, personnes physiques
ou morales, sou",a_verifier
4416,Article 6 bis,Code Général des Impôts 2026,"Article 6 bis
Sont abrogées à compter du 1er janvier 2018 les dispositions de l’article
19 de la loi de finances n°48-03 pour l’année budgétaire 2004 promulguée
par le dahir n° 1-03-308 du 7 Kaada 1424 (31 décembre 2003)",a_verifier
4417,Article 16 bis,Code Général des Impôts 2026,"Article 16 bis
Les personnes physiques et morales bénéficiant de l’exonération au titre
des opérations de construction des mosquées prévues à l’article 92 (I-
43°) du Code Général des Impôts, doivent adresser au service ",a_verifier
4418,Article 16 ter,Code Général des Impôts 2026,"Article 16 ter
I- Matériels et matériaux importés pour usage exclusivement
agricole destinés à l’irrigation
L’exonération à l’importation des matériels et matériaux destinés à
l’irrigation, prévue à l’article 123-15° du ",a_verifier
4419,Article 16 quater,Code Général des Impôts 2026,"Article 16 quater
Pour bénéficier de l’exonération prévue par les dispositions de l'article 92-
I-54° du code général des impôts au titre de leurs achats de produits et
matières entrant dans la fabrication des panneaux p",a_verifier
4420,Article 16 quinquies,Code Général des Impôts 2026,"Article 16 quinquies
Pour bénéficier de l’exonération de la taxe sur la valeur ajoutée à
l'importation des matières fertilisantes et supports de culture, tels que
définis par la loi n° 53-18 relative aux matières fertili",a_verifier
